<?xml version="1.0" encoding="UTF-8"?>
<!DOCTYPE mapper PUBLIC "-//mybatis.org//DTD Mapper 3.0//EN" "http://mybatis.org/dtd/mybatis-3-mapper.dtd">
<mapper namespace="com.fengshen.db.auth.ChargeMapper">
    <resultMap id="BaseResultMap" type="com.fengshen.db.domain.Charge">
        <id column="id" jdbcType="INTEGER" property="id"/>
        <result column="accountname" jdbcType="VARCHAR" property="accountname"/>
        <result column="code" jdbcType="VARCHAR" property="code"/>
        <result column="coin" jdbcType="INTEGER" property="coin"/>
        <result column="deleted" jdbcType="BIT" property="deleted"/>
        <result column="money" jdbcType="INTEGER" property="money"/>
        <result column="score" jdbcType="INTEGER" property="score"/>
        <result column="state" jdbcType="INTEGER" property="state"/>
        <result column="type" jdbcType="INTEGER" property="type"/>
        <result column="chara_id" jdbcType="INTEGER" property="charaId"/>
        <result column="server_id" jdbcType="INTEGER" property="serverId"/>
        <result column="trade_no" jdbcType="VARCHAR" property="tradeNo"/>
        <result column="out_trade_no" jdbcType="VARCHAR" property="outTradeNo"/>
        <result column="curr_date" jdbcType="VARCHAR" property="curr_date"/>
        <result column="charge_time" jdbcType="TIMESTAMP" property="charge_time"/>
        <result column="lingquren" jdbcType="VARCHAR" property="lingquren"/>
        <result column="add_time" jdbcType="TIMESTAMP" property="addTime"/>
        <result column="update_time" jdbcType="TIMESTAMP" property="updateTime"/>
    </resultMap>
    <sql id="Example_Where_Clause">
        <where>
            <foreach collection="oredCriteria" item="criteria" separator="or">
                <if test="criteria.valid">
                    <trim prefix="(" prefixOverrides="and" suffix=")">
                        <foreach collection="criteria.criteria" item="criterion">
                            <choose>
                                <when test="criterion.noValue">
                                    and ${criterion.condition}
                                </when>
                                <when test="criterion.singleValue">
                                    and ${criterion.condition} #{criterion.value}
                                </when>
                                <when test="criterion.betweenValue">
                                    and ${criterion.condition} #{criterion.value} and #{criterion.secondValue}
                                </when>
                                <when test="criterion.listValue">
                                    and ${criterion.condition}
                                    <foreach close=")" collection="criterion.value" item="listItem" open="("
                                             separator=",">
                                        #{listItem}
                                    </foreach>
                                </when>
                            </choose>
                        </foreach>
                    </trim>
                </if>
            </foreach>
        </where>
    </sql>
    <sql id="Update_By_Example_Where_Clause">
        <where>
            <foreach collection="example.oredCriteria" item="criteria" separator="or">
                <if test="criteria.valid">
                    <trim prefix="(" prefixOverrides="and" suffix=")">
                        <foreach collection="criteria.criteria" item="criterion">
                            <choose>
                                <when test="criterion.noValue">
                                    and ${criterion.condition}
                                </when>
                                <when test="criterion.singleValue">
                                    and ${criterion.condition} #{criterion.value}
                                </when>
                                <when test="criterion.betweenValue">
                                    and ${criterion.condition} #{criterion.value} and #{criterion.secondValue}
                                </when>
                                <when test="criterion.listValue">
                                    and ${criterion.condition}
                                    <foreach close=")" collection="criterion.value" item="listItem" open="("
                                             separator=",">
                                        #{listItem}
                                    </foreach>
                                </when>
                            </choose>
                        </foreach>
                    </trim>
                </if>
            </foreach>
        </where>
    </sql>
    <sql id="Base_Column_List">
        id,accountname, coin, `state`, add_time, update_time, deleted, money, score,`type`,code ,lingquren,trade_no,out_trade_no,chara_id,server_id,curr_date,charge_time
    </sql>
    <select id="selectByExample" parameterType="com.fengshen.db.domain.example.ChargeExample" resultMap="BaseResultMap">
        select
        <if test="distinct">
            distinct
        </if>
        <include refid="Base_Column_List"/>
        from charge
        <if test="_parameter != null">
            <include refid="Example_Where_Clause"/>
        </if>
        <if test="orderByClause != null">
            order by ${orderByClause}
        </if>
    </select>
    <select id="selectByExampleSelective" parameterType="map" resultMap="BaseResultMap">
        <!--
          WARNING - @mbg.generated
          This element is automatically generated by MyBatis Generator, do not modify.
          @project https://github.com/itfsw/mybatis-generator-plugin
        -->
        select
        <if test="example.distinct">
            distinct
        </if>
        <choose>
            <when test="selective != null and selective.length > 0">
                <foreach collection="selective" item="column" separator=",">
                    ${column.escapedColumnName}
                </foreach>
            </when>
            <otherwise>
                id, accountname, coin, `state`, add_time, update_time, deleted, money,score,`type`,code
                ,lingquren,trade_no,out_trade_no,chara_id,server_id,curr_date,charge_time
            </otherwise>
        </choose>
        from charge
        <if test="_parameter != null">
            <include refid="Update_By_Example_Where_Clause"/>
        </if>
        <if test="example.orderByClause != null">
            order by ${example.orderByClause}
        </if>
    </select>
    <select id="selectByPrimaryKey" parameterType="java.lang.Integer" resultMap="BaseResultMap">
        select
        <include refid="Base_Column_List"/>
        from charge
        where id = #{id,jdbcType=INTEGER}
    </select>
    <select id="selectByPrimaryKeyWithLogicalDelete" parameterType="map" resultMap="BaseResultMap">
        <!--
          WARNING - @mbg.generated
          This element is automatically generated by MyBatis Generator, do not modify.
          @project https://github.com/itfsw/mybatis-generator-plugin
        -->
        select
        <include refid="Base_Column_List"/>
        from charge
        where id = #{id,jdbcType=INTEGER}
        and deleted =
        <choose>
            <when test="andLogicalDeleted">
                1
            </when>
            <otherwise>
                0
            </otherwise>
        </choose>
    </select>
    <select id="selectByPrimaryKeySelective" parameterType="map" resultMap="BaseResultMap">
        <!--
          WARNING - @mbg.generated
          This element is automatically generated by MyBatis Generator, do not modify.
          @project https://github.com/itfsw/mybatis-generator-plugin
        -->
        select
        <choose>
            <when test="selective != null and selective.length > 0">
                <foreach collection="selective" item="column" separator=",">
                    ${column.escapedColumnName}
                </foreach>
            </when>
            <otherwise>
                id, accountname, coin, `state`, add_time, update_time, deleted, money,score,`type`
                code,lingquren,trade_no,out_trade_no,chara_id,server_id,curr_date,charge_time
            </otherwise>
        </choose>
        from charge
        where id = #{id,jdbcType=INTEGER}
    </select>
    <delete id="deleteByPrimaryKey" parameterType="java.lang.Integer">
        delete
        from charge
        where id = #{id,jdbcType=INTEGER}
    </delete>
    <delete id="deleteByExample" parameterType="com.fengshen.db.domain.example.ChargeExample">
        delete from charge
        <if test="_parameter != null">
            <include refid="Example_Where_Clause"/>
        </if>
    </delete>
    <insert id="insert" parameterType="com.fengshen.db.domain.Charge">
        <selectKey keyProperty="id" order="AFTER" resultType="java.lang.Integer">
            SELECT LAST_INSERT_ID()
        </selectKey>
        insert into charge (accountname, coin, `state`,
        add_time, update_time, deleted,
        money,score,`type`, code ,lingquren,
        trade_no,out_trade_no,chara_id,server_id,curr_date,charge_time)
        values (#{accountname,jdbcType=VARCHAR}, #{coin,jdbcType=INTEGER},
         #{state,jdbcType=INTEGER},
        #{addTime,jdbcType=TIMESTAMP}, #{updateTime,jdbcType=TIMESTAMP}, #{deleted,jdbcType=BIT},
        #{money,jdbcType=INTEGER}, #{score,jdbcType=INTEGER},
        #{type,jdbcType=INTEGER},#{code,jdbcType=VARCHAR},
        #{lingquren,jdbcType=VARCHAR},
        #{trade_no,jdbcType=VARCHAR},
        #{out_trade_no,jdbcType=VARCHAR},
        #{chara_id,jdbcType=INTEGER},
        #{server_id,jdbcType=INTEGER},
        #{curr_date,jdbcType=VARCHAR},
        #{charge_time,jdbcType=TIMESTAMP})
    </insert>
    <insert id="insertSelective" parameterType="com.fengshen.db.domain.Charge">
        <selectKey keyProperty="id" order="AFTER" resultType="java.lang.Integer">
            SELECT LAST_INSERT_ID()
        </selectKey>
        insert into charge
        <trim prefix="(" suffix=")" suffixOverrides=",">
            <if test="accountname != null">
                accountname,
            </if>
            <if test="coin != null">
                coin,
            </if>
            <if test="state != null">
                `state`,
            </if>
            <if test="addTime != null">
                add_time,
            </if>
            <if test="updateTime != null">
                update_time,
            </if>
            <if test="deleted != null">
                deleted,
            </if>
            <if test="money != null">
                money,
            </if>
            <if test="score != null">
                score,
            </if>
            <if test="type != null">
                `type`,
            </if>
            <if test="code != null">
                code,
            </if>
            <if test="lingquren != null">
                lingquren,
            </if>
            <if test="tradeNo != null">
                trade_no,
            </if>
            <if test="outTradeNo != null">
                out_trade_no,
            </if>
            <if test="charaId != null">
                chara_id,
            </if>
            <if test="serverId != null">
                server_id,
            </if>
            <if test="curr_date != null">
                curr_date,
            </if>
            <if test="charge_time != null">
                charge_time,
            </if>
        </trim>
        <trim prefix="values (" suffix=")" suffixOverrides=",">
            <if test="accountname != null">
                #{accountname,jdbcType=VARCHAR},
            </if>
            <if test="coin != null">
                #{coin,jdbcType=INTEGER},
            </if>
            <if test="state != null">
                #{state,jdbcType=INTEGER},
            </if>
            <if test="addTime != null">
                #{addTime,jdbcType=TIMESTAMP},
            </if>
            <if test="updateTime != null">
                #{updateTime,jdbcType=TIMESTAMP},
            </if>
            <if test="deleted != null">
                #{deleted,jdbcType=BIT},
            </if>
            <if test="money != null">
                #{money,jdbcType=INTEGER},
            </if>
            <if test="score != null">
                #{score,jdbcType=INTEGER},
            </if>
            <if test="type != null">
                #{type,jdbcType=INTEGER},
            </if>
            <if test="code != null">
                #{code,jdbcType=VARCHAR},
            </if>
            <if test="lingquren != null">
                #{lingquren,jdbcType=VARCHAR},
            </if>
            <if test="tradeNo != null">
                #{tradeNo,jdbcType=VARCHAR},
            </if>
            <if test="outTradeNo != null">
                #{outTradeNo,jdbcType=VARCHAR},
            </if>
            <if test="charaId != null">
                #{charaId,jdbcType=INTEGER},
            </if>
            <if test="serverId != null">
                #{serverId,jdbcType=INTEGER},
            </if>
            <if test="curr_date != null">
                #{curr_date,jdbcType=VARCHAR},
            </if>
            <if test="charge_time != null">
                #{charge_time,jdbcType=TIMESTAMP},
            </if>
        </trim>
    </insert>
    <select id="countByExample" parameterType="com.fengshen.db.domain.example.ChargeExample"
            resultType="java.lang.Long">
        select count(*) from charge
        <if test="_parameter != null">
            <include refid="Example_Where_Clause"/>
        </if>
    </select>
    <update id="updateByExampleSelective" parameterType="map">
        update charge
        <set>
            <if test="record.id != null">
                id = #{record.id,jdbcType=INTEGER},
            </if>
            <if test="record.accountname != null">
                accountname = #{record.accountname,jdbcType=VARCHAR},
            </if>
            <if test="record.coin != null">
                coin = #{record.coin,jdbcType=INTEGER},
            </if>
            <if test="record.state != null">
                `state` = #{record.state,jdbcType=INTEGER},
            </if>
            <if test="record.addTime != null">
                add_time = #{record.addTime,jdbcType=TIMESTAMP},
            </if>
            <if test="record.updateTime != null">
                update_time = #{record.updateTime,jdbcType=TIMESTAMP},
            </if>
            <if test="record.deleted != null">
                deleted = #{record.deleted,jdbcType=BIT},
            </if>
            <if test="record.money != null">
                money = #{record.money,jdbcType=INTEGER},
            </if>
            <if test="record.score != null">
                score = #{record.score,jdbcType=INTEGER},
            </if>
            <if test="record.type != null">
                `type` = #{record.type,jdbcType=INTEGER},
            </if>
            <if test="record.code != null">
                code = #{record.code,jdbcType=VARCHAR},
            </if>
            <if test="record.lingquren != null">
                lingquren = #{record.lingquren,jdbcType=VARCHAR},
            </if>
            <if test="record.tradeNo != null">
                trade_no = #{record.tradeNo,jdbcType=VARCHAR},
            </if>
            <if test="record.outTradeNo != null">
                out_trade_no = #{record.outTradeNo,jdbcType=VARCHAR},
            </if>
            <if test="record.charaId != null">
                chara_id = #{record.charaId,jdbcType=INTEGER}
            </if>
            <if test="record.serverId != null">
                server_id = #{record.serverId,jdbcType=INTEGER},
            </if>
            <if test="record.curr_date != null">
                curr_date = #{record.curr_date,jdbcType=VARCHAR},
            </if>
            <if test="record.charge_time != null">
                charge_time = #{record.charge_time,jdbcType=TIMESTAMP},
            </if>
        </set>
        <if test="_parameter != null">
            <include refid="Update_By_Example_Where_Clause"/>
        </if>
    </update>
    <update id="updateByExample" parameterType="map">
        update charge
        set id = #{record.id,jdbcType=INTEGER},
        accountname = #{record.accountname,jdbcType=VARCHAR},
        coin = #{record.coin,jdbcType=INTEGER},
        `state` = #{record.state,jdbcType=INTEGER},
        add_time = #{record.addTime,jdbcType=TIMESTAMP},
        update_time = #{record.updateTime,jdbcType=TIMESTAMP},
        deleted = #{record.deleted,jdbcType=BIT},
        money = #{record.money,jdbcType=INTEGER},
        score = #{record.score,jdbcType=INTEGER},
        `typetype` = #{record.type,jdbcType=INTEGER},
        code = #{record.code,jdbcType=VARCHAR},
        trade_no = #{record.tradeNo,jdbcType=VARCHAR},
        out_trade_no = #{record.outTradeNo,jdbcType=VARCHAR},
        lingquren = #{record.lingquren,jdbcType=VARCHAR},
        chara_id = #{record.charaId,jdbcType=INTEGER},
        server_id = #{record.serverId,jdbcType=INTEGER},
        curr_date = #{record.curr_date,jdbcType=VARCHAR},
        charge_time = #{record.charge_time,jdbcType=TIMESTAMP}
        <if test="_parameter != null">
            <include refid="Update_By_Example_Where_Clause"/>
        </if>
    </update>
    <update id="updateByPrimaryKeySelective" parameterType="com.fengshen.db.domain.Charge">
        update charge
        <set>
            <if test="lingquren != null">
                lingquren = #{lingquren,jdbcType=VARCHAR},
            </if>
            <if test="accountname != null">
                accountname = #{accountname,jdbcType=VARCHAR},
            </if>
            <if test="coin != null">
                coin = #{coin,jdbcType=INTEGER},
            </if>
            <if test="state != null">
                `state` = #{state,jdbcType=INTEGER},
            </if>
            <if test="addTime != null">
                add_time = #{addTime,jdbcType=TIMESTAMP},
            </if>
            <if test="updateTime != null">
                update_time = #{updateTime,jdbcType=TIMESTAMP},
            </if>
            <if test="deleted != null">
                deleted = #{deleted,jdbcType=BIT},
            </if>
            <if test="money != null">
                money = #{money,jdbcType=INTEGER},
            </if>
            <if test="score != null">
                score = #{score,jdbcType=INTEGER},
            </if>
            <if test="type != null">
                `type`= #{type,jdbcType=INTEGER},
            </if>
            <if test="code != null">
                code = #{code,jdbcType=VARCHAR},
            </if>
            <if test="lingquren != null">
                lingquren = #{lingquren,jdbcType=VARCHAR},
            </if>
            <if test="tradeNo != null">
                trade_no = #{tradeNo,jdbcType=VARCHAR},
            </if>
            <if test="outTradeNo != null">
                out_trade_no = #{outTradeNo,jdbcType=VARCHAR},
            </if>
            <if test="charaId != null">
                chara_id = #{charaId,jdbcType=INTEGER},
            </if>
            <if test="serverId != null">
                server_id = #{serverId,jdbcType=INTEGER},
            </if>
            <if test="curr_date != null">
                curr_date = #{curr_date,jdbcType=VARCHAR},
            </if>
            <if test="charge_time != null">
                charge_time = #{charge_time,jdbcType=TIMESTAMP},
            </if>
        </set>
        where id = #{id,jdbcType=INTEGER}
    </update>
    <update id="updateByPrimaryKey" parameterType="com.fengshen.db.domain.Charge">
        update charge
        set accountname = #{accountname,jdbcType=VARCHAR},
            coin        = #{coin,jdbcType=INTEGER},
            `state`     = #{state,jdbcType=INTEGER},
            add_time    = #{addTime,jdbcType=TIMESTAMP},
            update_time = #{updateTime,jdbcType=TIMESTAMP},
            deleted     = #{deleted,jdbcType=BIT},
            money       = #{money,jdbcType=INTEGER},
            score       = #{score,jdbcType=INTEGER},
            `type`     = #{type,jdbcType=INTEGER},
            code        = #{code,jdbcType=VARCHAR},
            lingquren=#{lingquren,jdbcType=VARCHAR},
            trade_no=#{tradeNo,jdbcType=VARCHAR},
            out_trade_no=#{outTradeNo,jdbcType=VARCHAR},
            chara_id    = #{charaId,jdbcType=INTEGER},
            server_id   = #{serverId,jdbcType=INTEGER},
            curr_date   = #{curr_date,jdbcType=VARCHAR},
            charge_time = #{charge_time,jdbcType=TIMESTAMP}
        where id = #{id,jdbcType=INTEGER}
    </update>
    <select id="selectOneByExample" parameterType="com.fengshen.db.domain.example.ChargeExample"
            resultMap="BaseResultMap">
        <!--
          WARNING - @mbg.generated
          This element is automatically generated by MyBatis Generator, do not modify.
          @project https://github.com/itfsw/mybatis-generator-plugin
        -->
        select
        <include refid="Base_Column_List"/>
        from charge
        <if test="_parameter != null">
            <include refid="Example_Where_Clause"/>
        </if>
        <if test="orderByClause != null">
            order by ${orderByClause}
        </if>
        limit 1
    </select>
    <select id="selectOneByExampleSelective" parameterType="map" resultMap="BaseResultMap">
        <!--
          WARNING - @mbg.generated
          This element is automatically generated by MyBatis Generator, do not modify.
          @project https://github.com/itfsw/mybatis-generator-plugin
        -->
        select
        <choose>
            <when test="selective != null and selective.length > 0">
                <foreach collection="selective" item="column" separator=",">
                    ${column.escapedColumnName}
                </foreach>
            </when>
            <otherwise>
                id, accountname, coin, `state`, add_time, update_time, deleted, money,score,`type`,
                code,lingquren,trade_no,out_trade_no,chara_id,server_id,curr_date,charge_time
            </otherwise>
        </choose>
        from charge
        <if test="_parameter != null">
            <include refid="Update_By_Example_Where_Clause"/>
        </if>
        <if test="example.orderByClause != null">
            order by ${example.orderByClause}
        </if>
        limit 1
    </select>
    <update id="logicalDeleteByExample" parameterType="map">
        <!--
          WARNING - @mbg.generated
          This element is automatically generated by MyBatis Generator, do not modify.
          @project https://github.com/itfsw/mybatis-generator-plugin
        -->
        update charge set deleted = 1
        <if test="_parameter != null">
            <include refid="Update_By_Example_Where_Clause"/>
        </if>
    </update>
    <update id="logicalDeleteByPrimaryKey" parameterType="java.lang.Integer">
        <!--
          WARNING - @mbg.generated
          This element is automatically generated by MyBatis Generator, do not modify.
          @project https://github.com/itfsw/mybatis-generator-plugin
        -->
        update charge set deleted = 1
        where id = #{id,jdbcType=INTEGER}
    </update>

    <select id="queryChargeTop10" parameterType="java.lang.String" resultType="com.fengshen.db.vo.ChargeRankVo">
        set @rank= 0;
        SELECT @rank:=@rank + 1 AS rank_no,
        a.money,
        a.accountname as accountName,
        a.chara_id as charaId,
        a.lingquren,
        a.sumMoney,
        DATE_FORMAT(a.charge_time,'%Y-%m-%d %H:%m:%s') as chargeTime
        FROM (
		SELECT money,accountname,chara_id,lingquren,add_time,charge_time,sum(money) as sumMoney
		FROM charge
		WHERE state = 1 and server_id=#{serverId} group by chara_id order by sumMoney desc limit 10) a;
    </select>

    <select id="queryChargeByFirst" resultMap="BaseResultMap" parameterType="java.lang.String">
        select * from charge
        where
           state = 0 and money = 198 and deleted = 0
           and type = 0
           and DATE_FORMAT(charge_time,'%Y-%m-%d') = DATE_FORMAT(NOW(),'%Y-%m-%d')
           and accountname = #{accountName} and server_id=#{serverId}
           order by add_time asc limit 1
    </select>
</mapper>