<?xml version="1.0" encoding="UTF-8"?>
<!DOCTYPE mapper PUBLIC "-//mybatis.org//DTD Mapper 3.0//EN" "http://mybatis.org/dtd/mybatis-3-mapper.dtd">
<mapper namespace="com.fengshen.db.dao.Arena_RankMapper">
    <resultMap id="BaseResultMap" type="com.fengshen.db.domain.Arena_Rank">
        <!--
          WARNING - @mbg.generated
          This element is automatically generated by MyBatis Generator, do not modify.
          This element was generated on Mon Feb 10 16:21:30 CST 2020.
        -->
        <constructor>
            <idArg column="id" javaType="java.lang.Integer" jdbcType="INTEGER"/>
            <arg column="serverId" javaType="java.lang.String" jdbcType="VARCHAR"/>
            <arg column="rank" javaType="java.lang.Integer" jdbcType="INTEGER"/>
            <arg column="charaId" javaType="java.lang.Integer" jdbcType="INTEGER"/>
        </constructor>
    </resultMap>
    <sql id="Example_Where_Clause">
        <!--
          WARNING - @mbg.generated
          This element is automatically generated by MyBatis Generator, do not modify.
          This element was generated on Mon Feb 10 16:21:30 CST 2020.
        -->
        <where>
            <foreach collection="oredCriteria" item="criteria" separator="or">
                <if test="criteria.valid">
                    <trim prefix="(" prefixOverrides="and" suffix=")">
                        <foreach collection="criteria.criteria" item="criterion">
                            <choose>
                                <when test="criterion.noValue">
                                    and ${criterion.condition}
                                </when>
                                <when test="criterion.singleValue">
                                    and ${criterion.condition} #{criterion.value}
                                </when>
                                <when test="criterion.betweenValue">
                                    and ${criterion.condition} #{criterion.value} and #{criterion.secondValue}
                                </when>
                                <when test="criterion.listValue">
                                    and ${criterion.condition}
                                    <foreach close=")" collection="criterion.value" item="listItem" open="("
                                             separator=",">
                                        #{listItem}
                                    </foreach>
                                </when>
                            </choose>
                        </foreach>
                    </trim>
                </if>
            </foreach>
        </where>
    </sql>
    <sql id="Update_By_Example_Where_Clause">
        <!--
          WARNING - @mbg.generated
          This element is automatically generated by MyBatis Generator, do not modify.
          This element was generated on Mon Feb 10 16:21:30 CST 2020.
        -->
        <where>
            <foreach collection="example.oredCriteria" item="criteria" separator="or">
                <if test="criteria.valid">
                    <trim prefix="(" prefixOverrides="and" suffix=")">
                        <foreach collection="criteria.criteria" item="criterion">
                            <choose>
                                <when test="criterion.noValue">
                                    and ${criterion.condition}
                                </when>
                                <when test="criterion.singleValue">
                                    and ${criterion.condition} #{criterion.value}
                                </when>
                                <when test="criterion.betweenValue">
                                    and ${criterion.condition} #{criterion.value} and #{criterion.secondValue}
                                </when>
                                <when test="criterion.listValue">
                                    and ${criterion.condition}
                                    <foreach close=")" collection="criterion.value" item="listItem" open="("
                                             separator=",">
                                        #{listItem}
                                    </foreach>
                                </when>
                            </choose>
                        </foreach>
                    </trim>
                </if>
            </foreach>
        </where>
    </sql>
    <sql id="Base_Column_List">
        <!--
          WARNING - @mbg.generated
          This element is automatically generated by MyBatis Generator, do not modify.
          This element was generated on Mon Feb 10 16:21:30 CST 2020.
        -->
        id, serverId, 'rank', charaId
    </sql>
    <select id="selectByExample" parameterType="com.fengshen.db.domain.Arena_RankExample" resultMap="BaseResultMap">
        <!--
          WARNING - @mbg.generated
          This element is automatically generated by MyBatis Generator, do not modify.
          This element was generated on Mon Feb 10 16:21:30 CST 2020.
        -->
        select
        <if test="distinct">
            distinct
        </if>
        <include refid="Base_Column_List"/>
        from arena_rank
        <if test="_parameter != null">
            <include refid="Example_Where_Clause"/>
        </if>
        <if test="orderByClause != null">
            order by ${orderByClause}
        </if>
    </select>
    <select id="selectByPrimaryKey" parameterType="java.lang.Integer" resultMap="BaseResultMap">
        <!--
          WARNING - @mbg.generated
          This element is automatically generated by MyBatis Generator, do not modify.
          This element was generated on Mon Feb 10 16:21:30 CST 2020.
        -->
        select
        <include refid="Base_Column_List"/>
        from arena_rank
        where id = #{id,jdbcType=INTEGER}
    </select>
    <delete id="deleteByPrimaryKey" parameterType="java.lang.Integer">
        <!--
          WARNING - @mbg.generated
          This element is automatically generated by MyBatis Generator, do not modify.
          This element was generated on Mon Feb 10 16:21:30 CST 2020.
        -->
        delete from arena_rank
        where id = #{id,jdbcType=INTEGER}
    </delete>
    <delete id="deleteByExample" parameterType="com.fengshen.db.domain.Arena_RankExample">
        <!--
          WARNING - @mbg.generated
          This element is automatically generated by MyBatis Generator, do not modify.
          This element was generated on Mon Feb 10 16:21:30 CST 2020.
        -->
        delete from arena_rank
        <if test="_parameter != null">
            <include refid="Example_Where_Clause"/>
        </if>
    </delete>
    <insert id="insert" parameterType="com.fengshen.db.domain.Arena_Rank">
        <!--
          WARNING - @mbg.generated
          This element is automatically generated by MyBatis Generator, do not modify.
          This element was generated on Mon Feb 10 16:21:30 CST 2020.
        -->
        insert into arena_rank (id, serverId, rank,
        charaId)
        values (#{id,jdbcType=INTEGER}, #{serverid,jdbcType=VARCHAR}, #{rank,jdbcType=INTEGER},
        #{charaid,jdbcType=INTEGER})
    </insert>
    <insert id="insertSelective" parameterType="com.fengshen.db.domain.Arena_Rank">
        <!--
          WARNING - @mbg.generated
          This element is automatically generated by MyBatis Generator, do not modify.
          This element was generated on Mon Feb 10 16:21:30 CST 2020.
        -->
        insert into arena_rank
        <trim prefix="(" suffix=")" suffixOverrides=",">
            <if test="id != null">
                id,
            </if>
            <if test="serverid != null">
                serverId,
            </if>
            <if test="rank != null">
                rank,
            </if>
            <if test="charaid != null">
                charaId,
            </if>
        </trim>
        <trim prefix="values (" suffix=")" suffixOverrides=",">
            <if test="id != null">
                #{id,jdbcType=INTEGER},
            </if>
            <if test="serverid != null">
                #{serverid,jdbcType=VARCHAR},
            </if>
            <if test="rank != null">
                #{rank,jdbcType=INTEGER},
            </if>
            <if test="charaid != null">
                #{charaid,jdbcType=INTEGER},
            </if>
        </trim>
    </insert>
    <select id="countByExample" parameterType="com.fengshen.db.domain.Arena_RankExample" resultType="java.lang.Long">
        <!--
          WARNING - @mbg.generated
          This element is automatically generated by MyBatis Generator, do not modify.
          This element was generated on Mon Feb 10 16:21:30 CST 2020.
        -->
        select count(*) from arena_rank
        <if test="_parameter != null">
            <include refid="Example_Where_Clause"/>
        </if>
    </select>
    <update id="updateByExampleSelective" parameterType="map">
        <!--
          WARNING - @mbg.generated
          This element is automatically generated by MyBatis Generator, do not modify.
          This element was generated on Mon Feb 10 16:21:30 CST 2020.
        -->
        update arena_rank
        <set>
            <if test="record.id != null">
                id = #{record.id,jdbcType=INTEGER},
            </if>
            <if test="record.serverid != null">
                serverId = #{record.serverid,jdbcType=VARCHAR},
            </if>
            <if test="record.rank != null">
                rank = #{record.rank,jdbcType=INTEGER},
            </if>
            <if test="record.charaid != null">
                charaId = #{record.charaid,jdbcType=INTEGER},
            </if>
        </set>
        <if test="_parameter != null">
            <include refid="Update_By_Example_Where_Clause"/>
        </if>
    </update>
    <update id="updateByExample" parameterType="map">
        <!--
          WARNING - @mbg.generated
          This element is automatically generated by MyBatis Generator, do not modify.
          This element was generated on Mon Feb 10 16:21:30 CST 2020.
        -->
        update arena_rank
        set id = #{record.id,jdbcType=INTEGER},
        serverId = #{record.serverid,jdbcType=VARCHAR},
        rank = #{record.rank,jdbcType=INTEGER},
        charaId = #{record.charaid,jdbcType=INTEGER}
        <if test="_parameter != null">
            <include refid="Update_By_Example_Where_Clause"/>
        </if>
    </update>
    <update id="updateByPrimaryKeySelective" parameterType="com.fengshen.db.domain.Arena_Rank">
        <!--
          WARNING - @mbg.generated
          This element is automatically generated by MyBatis Generator, do not modify.
          This element was generated on Mon Feb 10 16:21:30 CST 2020.
        -->
        update arena_rank
        <set>
            <if test="serverid != null">
                serverId = #{serverid,jdbcType=VARCHAR},
            </if>
            <if test="rank != null">
                rank = #{rank,jdbcType=INTEGER},
            </if>
            <if test="charaid != null">
                charaId = #{charaid,jdbcType=INTEGER},
            </if>
        </set>
        where id = #{id,jdbcType=INTEGER}
    </update>
    <update id="updateByPrimaryKey" parameterType="com.fengshen.db.domain.Arena_Rank">
        <!--
          WARNING - @mbg.generated
          This element is automatically generated by MyBatis Generator, do not modify.
          This element was generated on Mon Feb 10 16:21:30 CST 2020.
        -->
        update arena_rank
        set serverId = #{serverid,jdbcType=VARCHAR},
        rank = #{rank,jdbcType=INTEGER},
        charaId = #{charaid,jdbcType=INTEGER}
        where id = #{id,jdbcType=INTEGER}
    </update>
</mapper>