<?xml version="1.0" encoding="UTF-8"?>
<!DOCTYPE mapper PUBLIC "-//mybatis.org//DTD Mapper 3.0//EN" "http://mybatis.org/dtd/mybatis-3-mapper.dtd">
<mapper namespace="com.fengshen.db.dao.CharactersMapper">
    <resultMap id="BaseResultMap" type="com.fengshen.db.domain.Characters">
        <id column="id" jdbcType="INTEGER" property="id"/>
        <result column="polar" jdbcType="INTEGER" property="polar"/>
        <result column="name" jdbcType="VARCHAR" property="name"/>
        <result column="account_id" jdbcType="INTEGER" property="accountId"/>
        <result column="add_time" jdbcType="TIMESTAMP" property="addTime"/>
        <result column="update_time" jdbcType="TIMESTAMP" property="updateTime"/>
        <result column="deleted" jdbcType="BIT" property="deleted"/>
        <result column="gid" jdbcType="VARCHAR" property="gid"/>
        <result column="online" jdbcType="INTEGER" property="online"/>
    </resultMap>
    <resultMap extends="BaseResultMap" id="ResultMapWithBLOBs" type="com.fengshen.db.domain.Characters">
        <result column="data" jdbcType="LONGVARCHAR" property="data"/>
        <result column="cangku" jdbcType="LONGVARCHAR" property="cangku"/>
        <result column="texiao" jdbcType="LONGVARCHAR" property="texiao"/>
        <result column="genchong" jdbcType="LONGVARCHAR" property="genchong"/>
        <result column="backpack" jdbcType="LONGVARCHAR" property="backpack"/>
        <result column="pet_store" jdbcType="LONGVARCHAR" property="petStore"/>
        <result column="listshouhu" jdbcType="LONGVARCHAR" property="listshouhu"/>
        <result column="shizhuang" jdbcType="LONGVARCHAR" property="shizhuang"/>
        <result column="tyzq_store" jdbcType="LONGVARCHAR" property="tyzqStore"/>
    </resultMap>
</mapper>