<?xml version="1.0" encoding="UTF-8"?>
<!DOCTYPE mapper PUBLIC "-//mybatis.org//DTD Mapper 3.0//EN" "http://mybatis.org/dtd/mybatis-3-mapper.dtd">
<mapper namespace="com.fengshen.db.dao.ChargeRankMapper">
    <resultMap id="BaseResultMap" type="com.fengshen.db.domain.ChargeRank">
        <id column="id" jdbcType="INTEGER" property="id"/>
        <result column="rank_no" jdbcType="INTEGER" property="rankNo"/>
        <result column="money" jdbcType="VARCHAR" property="money"/>
        <result column="account_name" jdbcType="VARCHAR" property="accountName"/>
        <result column="state" jdbcType="INTEGER" property="state"/>
        <result column="chara_id" jdbcType="INTEGER" property="charaId"/>
        <result column="chara_name" jdbcType="VARCHAR" property="charaName"/>
        <result column="receive_time" jdbcType="TIMESTAMP" property="receiveTime"/>
        <result column="create_time" jdbcType="TIMESTAMP" property="createTime"/>
        <result column="update_time" jdbcType="TIMESTAMP" property="updateTime"/>
    </resultMap>

    <select id="queryChargeRankList" resultMap="BaseResultMap">
        select * from charge_rank
    </select>

    <select id="queryByCharaId" parameterType="java.lang.Integer" resultMap="BaseResultMap">
        select * from charge_rank where state = 0 and chara_id = #{charaId}
    </select>
</mapper>