<?xml version="1.0" encoding="UTF-8"?>
<!DOCTYPE mapper PUBLIC "-//mybatis.org//DTD Mapper 3.0//EN" "http://mybatis.org/dtd/mybatis-3-mapper.dtd">
<mapper namespace="com.fengshen.db.dao.Chara_StatueMapper">
    <resultMap id="BaseResultMap" type="com.fengshen.db.domain.Chara_Statue">
        <!--
          WARNING - @mbg.generated
          This element is automatically generated by MyBatis Generator, do not modify.
    <<<<<<< HEAD
          This element was generated on Mon Feb 10 16:21:30 CST 2020.
    =======
          This element was generated on Tue Feb 11 00:01:53 CST 2020.
    >>>>>>> 0fd853b00d744a9a2f2f6e388d0d1a0d6a39dc35
        -->
        <constructor>
            <idArg column="id" javaType="java.lang.Integer" jdbcType="INTEGER"/>
            <arg column="serverId" javaType="java.lang.String" jdbcType="VARCHAR"/>
            <arg column="npc_name" javaType="java.lang.String" jdbcType="VARCHAR"/>
            <arg column="add_time" javaType="java.util.Date" jdbcType="TIMESTAMP"/>
            <arg column="update_time" javaType="java.util.Date" jdbcType="TIMESTAMP"/>
            <arg column="deleted" javaType="java.lang.Boolean" jdbcType="BIT"/>
        </constructor>
    </resultMap>
    <resultMap id="ResultMapWithBLOBs" type="com.fengshen.db.domain.Chara_Statue">
        <!--
          WARNING - @mbg.generated
          This element is automatically generated by MyBatis Generator, do not modify.
    <<<<<<< HEAD
          This element was generated on Mon Feb 10 16:21:30 CST 2020.
    =======
          This element was generated on Tue Feb 11 00:01:53 CST 2020.
    >>>>>>> 0fd853b00d744a9a2f2f6e388d0d1a0d6a39dc35
        -->
        <constructor>
            <idArg column="id" javaType="java.lang.Integer" jdbcType="INTEGER"/>
            <arg column="serverId" javaType="java.lang.String" jdbcType="VARCHAR"/>
            <arg column="npc_name" javaType="java.lang.String" jdbcType="VARCHAR"/>
            <arg column="add_time" javaType="java.util.Date" jdbcType="TIMESTAMP"/>
            <arg column="update_time" javaType="java.util.Date" jdbcType="TIMESTAMP"/>
            <arg column="deleted" javaType="java.lang.Boolean" jdbcType="BIT"/>
            <arg column="data" javaType="java.lang.String" jdbcType="LONGVARCHAR"/>
        </constructor>
    </resultMap>
    <sql id="Example_Where_Clause">
        <!--
          WARNING - @mbg.generated
          This element is automatically generated by MyBatis Generator, do not modify.
    <<<<<<< HEAD
          This element was generated on Mon Feb 10 16:21:30 CST 2020.
    =======
          This element was generated on Tue Feb 11 00:01:53 CST 2020.
    >>>>>>> 0fd853b00d744a9a2f2f6e388d0d1a0d6a39dc35
        -->
        <where>
            <foreach collection="oredCriteria" item="criteria" separator="or">
                <if test="criteria.valid">
                    <trim prefix="(" prefixOverrides="and" suffix=")">
                        <foreach collection="criteria.criteria" item="criterion">
                            <choose>
                                <when test="criterion.noValue">
                                    and ${criterion.condition}
                                </when>
                                <when test="criterion.singleValue">
                                    and ${criterion.condition} #{criterion.value}
                                </when>
                                <when test="criterion.betweenValue">
                                    and ${criterion.condition} #{criterion.value} and #{criterion.secondValue}
                                </when>
                                <when test="criterion.listValue">
                                    and ${criterion.condition}
                                    <foreach close=")" collection="criterion.value" item="listItem" open="("
                                             separator=",">
                                        #{listItem}
                                    </foreach>
                                </when>
                            </choose>
                        </foreach>
                    </trim>
                </if>
            </foreach>
        </where>
    </sql>
    <sql id="Update_By_Example_Where_Clause">
        <!--
          WARNING - @mbg.generated
          This element is automatically generated by MyBatis Generator, do not modify.
    <<<<<<< HEAD
          This element was generated on Mon Feb 10 16:21:30 CST 2020.
    =======
          This element was generated on Tue Feb 11 00:01:53 CST 2020.
    >>>>>>> 0fd853b00d744a9a2f2f6e388d0d1a0d6a39dc35
        -->
        <where>
            <foreach collection="example.oredCriteria" item="criteria" separator="or">
                <if test="criteria.valid">
                    <trim prefix="(" prefixOverrides="and" suffix=")">
                        <foreach collection="criteria.criteria" item="criterion">
                            <choose>
                                <when test="criterion.noValue">
                                    and ${criterion.condition}
                                </when>
                                <when test="criterion.singleValue">
                                    and ${criterion.condition} #{criterion.value}
                                </when>
                                <when test="criterion.betweenValue">
                                    and ${criterion.condition} #{criterion.value} and #{criterion.secondValue}
                                </when>
                                <when test="criterion.listValue">
                                    and ${criterion.condition}
                                    <foreach close=")" collection="criterion.value" item="listItem" open="("
                                             separator=",">
                                        #{listItem}
                                    </foreach>
                                </when>
                            </choose>
                        </foreach>
                    </trim>
                </if>
            </foreach>
        </where>
    </sql>
    <sql id="Base_Column_List">
        <!--
          WARNING - @mbg.generated
          This element is automatically generated by MyBatis Generator, do not modify.
    <<<<<<< HEAD
          This element was generated on Mon Feb 10 16:21:30 CST 2020.
    =======
          This element was generated on Tue Feb 11 00:01:53 CST 2020.
    >>>>>>> 0fd853b00d744a9a2f2f6e388d0d1a0d6a39dc35
        -->
        id, serverId, npc_name, add_time, update_time, deleted
    </sql>
    <sql id="Blob_Column_List">
        <!--
          WARNING - @mbg.generated
          This element is automatically generated by MyBatis Generator, do not modify.
    <<<<<<< HEAD
          This element was generated on Mon Feb 10 16:21:30 CST 2020.
    =======
          This element was generated on Tue Feb 11 00:01:53 CST 2020.
    >>>>>>> 0fd853b00d744a9a2f2f6e388d0d1a0d6a39dc35
        -->
        data
    </sql>
    <select id="selectByExampleWithBLOBs" parameterType="com.fengshen.db.domain.Chara_StatueExample"
            resultMap="ResultMapWithBLOBs">
        <!--
          WARNING - @mbg.generated
          This element is automatically generated by MyBatis Generator, do not modify.
    <<<<<<< HEAD
          This element was generated on Mon Feb 10 16:21:30 CST 2020.
    =======
          This element was generated on Tue Feb 11 00:01:53 CST 2020.
    >>>>>>> 0fd853b00d744a9a2f2f6e388d0d1a0d6a39dc35
        -->
        select
        <if test="distinct">
            distinct
        </if>
        <include refid="Base_Column_List"/>
        ,
        <include refid="Blob_Column_List"/>
        from chara_statue
        <if test="_parameter != null">
            <include refid="Example_Where_Clause"/>
        </if>
        <if test="orderByClause != null">
            order by ${orderByClause}
        </if>
    </select>
    <select id="selectByExample" parameterType="com.fengshen.db.domain.Chara_StatueExample" resultMap="BaseResultMap">
        <!--
          WARNING - @mbg.generated
          This element is automatically generated by MyBatis Generator, do not modify.
    <<<<<<< HEAD
          This element was generated on Mon Feb 10 16:21:30 CST 2020.
    =======
          This element was generated on Tue Feb 11 00:01:53 CST 2020.
    >>>>>>> 0fd853b00d744a9a2f2f6e388d0d1a0d6a39dc35
        -->
        select
        <if test="distinct">
            distinct
        </if>
        <include refid="Base_Column_List"/>
        from chara_statue
        <if test="_parameter != null">
            <include refid="Example_Where_Clause"/>
        </if>
        <if test="orderByClause != null">
            order by ${orderByClause}
        </if>
    </select>
    <select id="selectByPrimaryKey" parameterType="java.lang.Integer" resultMap="ResultMapWithBLOBs">
        <!--
          WARNING - @mbg.generated
          This element is automatically generated by MyBatis Generator, do not modify.
    <<<<<<< HEAD
          This element was generated on Mon Feb 10 16:21:30 CST 2020.
    =======
          This element was generated on Tue Feb 11 00:01:53 CST 2020.
    >>>>>>> 0fd853b00d744a9a2f2f6e388d0d1a0d6a39dc35
        -->
        select
        <include refid="Base_Column_List"/>
        ,
        <include refid="Blob_Column_List"/>
        from chara_statue
        where id = #{id,jdbcType=INTEGER}
    </select>
    <delete id="deleteByPrimaryKey" parameterType="java.lang.Integer">
        <!--
          WARNING - @mbg.generated
          This element is automatically generated by MyBatis Generator, do not modify.
    <<<<<<< HEAD
          This element was generated on Mon Feb 10 16:21:30 CST 2020.
    =======
          This element was generated on Tue Feb 11 00:01:53 CST 2020.
    >>>>>>> 0fd853b00d744a9a2f2f6e388d0d1a0d6a39dc35
        -->
        delete from chara_statue
        where id = #{id,jdbcType=INTEGER}
    </delete>
    <delete id="deleteByExample" parameterType="com.fengshen.db.domain.Chara_StatueExample">
        <!--
          WARNING - @mbg.generated
          This element is automatically generated by MyBatis Generator, do not modify.
    <<<<<<< HEAD
          This element was generated on Mon Feb 10 16:21:30 CST 2020.
    =======
          This element was generated on Tue Feb 11 00:01:53 CST 2020.
    >>>>>>> 0fd853b00d744a9a2f2f6e388d0d1a0d6a39dc35
        -->
        delete from chara_statue
        <if test="_parameter != null">
            <include refid="Example_Where_Clause"/>
        </if>
    </delete>
    <insert id="insert" parameterType="com.fengshen.db.domain.Chara_Statue">
        <!--
          WARNING - @mbg.generated
          This element is automatically generated by MyBatis Generator, do not modify.
    <<<<<<< HEAD
          This element was generated on Mon Feb 10 16:21:30 CST 2020.
    =======
          This element was generated on Tue Feb 11 00:01:53 CST 2020.
    >>>>>>> 0fd853b00d744a9a2f2f6e388d0d1a0d6a39dc35
        -->
        insert into chara_statue (id, serverId, npc_name,
        add_time, update_time, deleted,
        data)
        values (#{id,jdbcType=INTEGER}, #{serverid,jdbcType=VARCHAR}, #{npcName,jdbcType=VARCHAR},
        #{addTime,jdbcType=TIMESTAMP}, #{updateTime,jdbcType=TIMESTAMP}, #{deleted,jdbcType=BIT},
        #{data,jdbcType=LONGVARCHAR})
    </insert>
    <insert id="insertSelective" parameterType="com.fengshen.db.domain.Chara_Statue">
        <!--
          WARNING - @mbg.generated
          This element is automatically generated by MyBatis Generator, do not modify.
    <<<<<<< HEAD
          This element was generated on Mon Feb 10 16:21:30 CST 2020.
    =======
          This element was generated on Tue Feb 11 00:01:53 CST 2020.
    >>>>>>> 0fd853b00d744a9a2f2f6e388d0d1a0d6a39dc35
        -->
        insert into chara_statue
        <trim prefix="(" suffix=")" suffixOverrides=",">
            <if test="id != null">
                id,
            </if>
            <if test="serverid != null">
                serverId,
            </if>
            <if test="npcName != null">
                npc_name,
            </if>
            <if test="addTime != null">
                add_time,
            </if>
            <if test="updateTime != null">
                update_time,
            </if>
            <if test="deleted != null">
                deleted,
            </if>
            <if test="data != null">
                data,
            </if>
        </trim>
        <trim prefix="values (" suffix=")" suffixOverrides=",">
            <if test="id != null">
                #{id,jdbcType=INTEGER},
            </if>
            <if test="serverid != null">
                #{serverid,jdbcType=VARCHAR},
            </if>
            <if test="npcName != null">
                #{npcName,jdbcType=VARCHAR},
            </if>
            <if test="addTime != null">
                #{addTime,jdbcType=TIMESTAMP},
            </if>
            <if test="updateTime != null">
                #{updateTime,jdbcType=TIMESTAMP},
            </if>
            <if test="deleted != null">
                #{deleted,jdbcType=BIT},
            </if>
            <if test="data != null">
                #{data,jdbcType=LONGVARCHAR},
            </if>
        </trim>
    </insert>
    <select id="countByExample" parameterType="com.fengshen.db.domain.Chara_StatueExample" resultType="java.lang.Long">
        <!--
          WARNING - @mbg.generated
          This element is automatically generated by MyBatis Generator, do not modify.
    <<<<<<< HEAD
          This element was generated on Mon Feb 10 16:21:30 CST 2020.
    =======
          This element was generated on Tue Feb 11 00:01:53 CST 2020.
    >>>>>>> 0fd853b00d744a9a2f2f6e388d0d1a0d6a39dc35
        -->
        select count(*) from chara_statue
        <if test="_parameter != null">
            <include refid="Example_Where_Clause"/>
        </if>
    </select>
    <update id="updateByExampleSelective" parameterType="map">
        <!--
          WARNING - @mbg.generated
          This element is automatically generated by MyBatis Generator, do not modify.
    <<<<<<< HEAD
          This element was generated on Mon Feb 10 16:21:30 CST 2020.
    =======
          This element was generated on Tue Feb 11 00:01:53 CST 2020.
    >>>>>>> 0fd853b00d744a9a2f2f6e388d0d1a0d6a39dc35
        -->
        update chara_statue
        <set>
            <if test="record.id != null">
                id = #{record.id,jdbcType=INTEGER},
            </if>
            <if test="record.serverid != null">
                serverId = #{record.serverid,jdbcType=VARCHAR},
            </if>
            <if test="record.npcName != null">
                npc_name = #{record.npcName,jdbcType=VARCHAR},
            </if>
            <if test="record.addTime != null">
                add_time = #{record.addTime,jdbcType=TIMESTAMP},
            </if>
            <if test="record.updateTime != null">
                update_time = #{record.updateTime,jdbcType=TIMESTAMP},
            </if>
            <if test="record.deleted != null">
                deleted = #{record.deleted,jdbcType=BIT},
            </if>
            <if test="record.data != null">
                data = #{record.data,jdbcType=LONGVARCHAR},
            </if>
        </set>
        <if test="_parameter != null">
            <include refid="Update_By_Example_Where_Clause"/>
        </if>
    </update>
    <update id="updateByExampleWithBLOBs" parameterType="map">
        <!--
          WARNING - @mbg.generated
          This element is automatically generated by MyBatis Generator, do not modify.
    <<<<<<< HEAD
          This element was generated on Mon Feb 10 16:21:30 CST 2020.
    =======
          This element was generated on Tue Feb 11 00:01:53 CST 2020.
    >>>>>>> 0fd853b00d744a9a2f2f6e388d0d1a0d6a39dc35
        -->
        update chara_statue
        set id = #{record.id,jdbcType=INTEGER},
        serverId = #{record.serverid,jdbcType=VARCHAR},
        npc_name = #{record.npcName,jdbcType=VARCHAR},
        add_time = #{record.addTime,jdbcType=TIMESTAMP},
        update_time = #{record.updateTime,jdbcType=TIMESTAMP},
        deleted = #{record.deleted,jdbcType=BIT},
        data = #{record.data,jdbcType=LONGVARCHAR}
        <if test="_parameter != null">
            <include refid="Update_By_Example_Where_Clause"/>
        </if>
    </update>
    <update id="updateByExample" parameterType="map">
        <!--
          WARNING - @mbg.generated
          This element is automatically generated by MyBatis Generator, do not modify.
    <<<<<<< HEAD
          This element was generated on Mon Feb 10 16:21:30 CST 2020.
    =======
          This element was generated on Tue Feb 11 00:01:53 CST 2020.
    >>>>>>> 0fd853b00d744a9a2f2f6e388d0d1a0d6a39dc35
        -->
        update chara_statue
        set id = #{record.id,jdbcType=INTEGER},
        serverId = #{record.serverid,jdbcType=VARCHAR},
        npc_name = #{record.npcName,jdbcType=VARCHAR},
        add_time = #{record.addTime,jdbcType=TIMESTAMP},
        update_time = #{record.updateTime,jdbcType=TIMESTAMP},
        deleted = #{record.deleted,jdbcType=BIT}
        <if test="_parameter != null">
            <include refid="Update_By_Example_Where_Clause"/>
        </if>
    </update>
    <update id="updateByPrimaryKeySelective" parameterType="com.fengshen.db.domain.Chara_Statue">
        <!--
          WARNING - @mbg.generated
          This element is automatically generated by MyBatis Generator, do not modify.
    <<<<<<< HEAD
          This element was generated on Mon Feb 10 16:21:30 CST 2020.
    =======
          This element was generated on Tue Feb 11 00:01:53 CST 2020.
    >>>>>>> 0fd853b00d744a9a2f2f6e388d0d1a0d6a39dc35
        -->
        update chara_statue
        <set>
            <if test="serverid != null">
                serverId = #{serverid,jdbcType=VARCHAR},
            </if>
            <if test="npcName != null">
                npc_name = #{npcName,jdbcType=VARCHAR},
            </if>
            <if test="addTime != null">
                add_time = #{addTime,jdbcType=TIMESTAMP},
            </if>
            <if test="updateTime != null">
                update_time = #{updateTime,jdbcType=TIMESTAMP},
            </if>
            <if test="deleted != null">
                deleted = #{deleted,jdbcType=BIT},
            </if>
            <if test="data != null">
                data = #{data,jdbcType=LONGVARCHAR},
            </if>
        </set>
        where id = #{id,jdbcType=INTEGER}
    </update>
    <update id="updateByPrimaryKeyWithBLOBs" parameterType="com.fengshen.db.domain.Chara_Statue">
        <!--
          WARNING - @mbg.generated
          This element is automatically generated by MyBatis Generator, do not modify.
    <<<<<<< HEAD
          This element was generated on Mon Feb 10 16:21:30 CST 2020.
    =======
          This element was generated on Tue Feb 11 00:01:53 CST 2020.
    >>>>>>> 0fd853b00d744a9a2f2f6e388d0d1a0d6a39dc35
        -->
        update chara_statue
        set serverId = #{serverid,jdbcType=VARCHAR},
        npc_name = #{npcName,jdbcType=VARCHAR},
        add_time = #{addTime,jdbcType=TIMESTAMP},
        update_time = #{updateTime,jdbcType=TIMESTAMP},
        deleted = #{deleted,jdbcType=BIT},
        data = #{data,jdbcType=LONGVARCHAR}
        where id = #{id,jdbcType=INTEGER}
    </update>
    <update id="updateByPrimaryKey" parameterType="com.fengshen.db.domain.Chara_Statue">
        <!--
          WARNING - @mbg.generated
          This element is automatically generated by MyBatis Generator, do not modify.
    <<<<<<< HEAD
          This element was generated on Mon Feb 10 16:21:30 CST 2020.
    =======
          This element was generated on Tue Feb 11 00:01:53 CST 2020.
    >>>>>>> 0fd853b00d744a9a2f2f6e388d0d1a0d6a39dc35
        -->
        update chara_statue
        set serverId = #{serverid,jdbcType=VARCHAR},
        npc_name = #{npcName,jdbcType=VARCHAR},
        add_time = #{addTime,jdbcType=TIMESTAMP},
        update_time = #{updateTime,jdbcType=TIMESTAMP},
        deleted = #{deleted,jdbcType=BIT}
        where id = #{id,jdbcType=INTEGER}
    </update>
</mapper>