<?xml version="1.0" encoding="UTF-8"?>
<!DOCTYPE mapper PUBLIC "-//mybatis.org//DTD Mapper 3.0//EN" "http://mybatis.org/dtd/mybatis-3-mapper.dtd">
<mapper namespace="com.fengshen.db.dao.ChargeConfigMapper">
    <resultMap id="BaseResultMap" type="com.fengshen.db.domain.ChargeConfig">
        <id column="id" jdbcType="INTEGER" property="id"/>
        <result column="money" jdbcType="INTEGER" property="money"/>
        <result column="create_time" jdbcType="TIMESTAMP" property="createTime"/>
    </resultMap>
    <resultMap extends="BaseResultMap" id="ResultMapWithBLOBs" type="com.fengshen.db.domain.ChargeConfig">
        <result column="config" jdbcType="LONGVARCHAR" property="config"/>
    </resultMap>
</mapper>