<?xml version="1.0" encoding="UTF-8"?>
<!DOCTYPE mapper PUBLIC "-//mybatis.org//DTD Mapper 3.0//EN" "http://mybatis.org/dtd/mybatis-3-mapper.dtd">
<mapper namespace="com.fengshen.db.dao.ChargePointMapper">
    <resultMap id="BaseResultMap" type="com.fengshen.db.domain.ChargePoint">
        <!--
          WARNING - @mbg.generated
          This element is automatically generated by MyBatis Generator, do not modify.
          This element was generated on Fri Feb 14 18:41:38 CST 2020.
        -->
        <constructor>
            <idArg column="id" javaType="java.lang.Integer" jdbcType="INTEGER"/>
            <arg column="no" javaType="java.lang.Integer" jdbcType="INTEGER"/>
            <arg column="awardStr" javaType="java.lang.String" jdbcType="VARCHAR"/>
            <arg column="reward" javaType="java.lang.String" jdbcType="VARCHAR"/>
            <arg column="point" javaType="java.lang.Integer" jdbcType="INTEGER"/>
            <arg column="left_num" javaType="java.lang.Integer" jdbcType="INTEGER"/>
        </constructor>
    </resultMap>
    <sql id="Example_Where_Clause">
        <!--
          WARNING - @mbg.generated
          This element is automatically generated by MyBatis Generator, do not modify.
          This element was generated on Fri Feb 14 18:41:38 CST 2020.
        -->
        <where>
            <foreach collection="oredCriteria" item="criteria" separator="or">
                <if test="criteria.valid">
                    <trim prefix="(" prefixOverrides="and" suffix=")">
                        <foreach collection="criteria.criteria" item="criterion">
                            <choose>
                                <when test="criterion.noValue">
                                    and ${criterion.condition}
                                </when>
                                <when test="criterion.singleValue">
                                    and ${criterion.condition} #{criterion.value}
                                </when>
                                <when test="criterion.betweenValue">
                                    and ${criterion.condition} #{criterion.value} and #{criterion.secondValue}
                                </when>
                                <when test="criterion.listValue">
                                    and ${criterion.condition}
                                    <foreach close=")" collection="criterion.value" item="listItem" open="("
                                             separator=",">
                                        #{listItem}
                                    </foreach>
                                </when>
                            </choose>
                        </foreach>
                    </trim>
                </if>
            </foreach>
        </where>
    </sql>
    <sql id="Update_By_Example_Where_Clause">
        <!--
          WARNING - @mbg.generated
          This element is automatically generated by MyBatis Generator, do not modify.
          This element was generated on Fri Feb 14 18:41:38 CST 2020.
        -->
        <where>
            <foreach collection="example.oredCriteria" item="criteria" separator="or">
                <if test="criteria.valid">
                    <trim prefix="(" prefixOverrides="and" suffix=")">
                        <foreach collection="criteria.criteria" item="criterion">
                            <choose>
                                <when test="criterion.noValue">
                                    and ${criterion.condition}
                                </when>
                                <when test="criterion.singleValue">
                                    and ${criterion.condition} #{criterion.value}
                                </when>
                                <when test="criterion.betweenValue">
                                    and ${criterion.condition} #{criterion.value} and #{criterion.secondValue}
                                </when>
                                <when test="criterion.listValue">
                                    and ${criterion.condition}
                                    <foreach close=")" collection="criterion.value" item="listItem" open="("
                                             separator=",">
                                        #{listItem}
                                    </foreach>
                                </when>
                            </choose>
                        </foreach>
                    </trim>
                </if>
            </foreach>
        </where>
    </sql>
    <sql id="Base_Column_List">
        <!--
          WARNING - @mbg.generated
          This element is automatically generated by MyBatis Generator, do not modify.
          This element was generated on Fri Feb 14 18:41:38 CST 2020.
        -->
        id, no, awardStr,reward, point, left_num
    </sql>
    <select id="selectByExample" parameterType="com.fengshen.db.domain.ChargePointExample" resultMap="BaseResultMap">
        <!--
          WARNING - @mbg.generated
          This element is automatically generated by MyBatis Generator, do not modify.
          This element was generated on Fri Feb 14 18:41:38 CST 2020.
        -->
        select
        <if test="distinct">
            distinct
        </if>
        <include refid="Base_Column_List"/>
        from charge_point
        <if test="_parameter != null">
            <include refid="Example_Where_Clause"/>
        </if>
        <if test="orderByClause != null">
            order by ${orderByClause}
        </if>
    </select>
    <select id="selectByPrimaryKey" parameterType="java.lang.Integer" resultMap="BaseResultMap">
        <!--
          WARNING - @mbg.generated
          This element is automatically generated by MyBatis Generator, do not modify.
          This element was generated on Fri Feb 14 18:41:38 CST 2020.
        -->
        select
        <include refid="Base_Column_List"/>
        from charge_point
        where id = #{id,jdbcType=INTEGER}
    </select>
    <delete id="deleteByPrimaryKey" parameterType="java.lang.Integer">
        <!--
          WARNING - @mbg.generated
          This element is automatically generated by MyBatis Generator, do not modify.
          This element was generated on Fri Feb 14 18:41:38 CST 2020.
        -->
        delete from charge_point
        where id = #{id,jdbcType=INTEGER}
    </delete>
    <delete id="deleteByExample" parameterType="com.fengshen.db.domain.ChargePointExample">
        <!--
          WARNING - @mbg.generated
          This element is automatically generated by MyBatis Generator, do not modify.
          This element was generated on Fri Feb 14 18:41:38 CST 2020.
        -->
        delete from charge_point
        <if test="_parameter != null">
            <include refid="Example_Where_Clause"/>
        </if>
    </delete>
    <insert id="insert" parameterType="com.fengshen.db.domain.ChargePoint">
        <!--
          WARNING - @mbg.generated
          This element is automatically generated by MyBatis Generator, do not modify.
          This element was generated on Fri Feb 14 18:41:38 CST 2020.
        -->
        insert into charge_point (id, no, awardStr,
        point, left_num)
        values (#{id,jdbcType=INTEGER}, #{no,jdbcType=INTEGER}, #{awardstr,jdbcType=VARCHAR},
        #{point,jdbcType=INTEGER}, #{leftNum,jdbcType=INTEGER})
    </insert>
    <insert id="insertSelective" parameterType="com.fengshen.db.domain.ChargePoint">
        <!--
          WARNING - @mbg.generated
          This element is automatically generated by MyBatis Generator, do not modify.
          This element was generated on Fri Feb 14 18:41:38 CST 2020.
        -->
        insert into charge_point
        <trim prefix="(" suffix=")" suffixOverrides=",">
            <if test="id != null">
                id,
            </if>
            <if test="no != null">
                no,
            </if>
            <if test="awardstr != null">
                awardStr,
            </if>
            <if test="point != null">
                point,
            </if>
            <if test="leftNum != null">
                left_num,
            </if>
        </trim>
        <trim prefix="values (" suffix=")" suffixOverrides=",">
            <if test="id != null">
                #{id,jdbcType=INTEGER},
            </if>
            <if test="no != null">
                #{no,jdbcType=INTEGER},
            </if>
            <if test="awardstr != null">
                #{awardstr,jdbcType=VARCHAR},
            </if>
            <if test="point != null">
                #{point,jdbcType=INTEGER},
            </if>
            <if test="leftNum != null">
                #{leftNum,jdbcType=INTEGER},
            </if>
        </trim>
    </insert>
    <select id="countByExample" parameterType="com.fengshen.db.domain.ChargePointExample" resultType="java.lang.Long">
        <!--
          WARNING - @mbg.generated
          This element is automatically generated by MyBatis Generator, do not modify.
          This element was generated on Fri Feb 14 18:41:38 CST 2020.
        -->
        select count(*) from charge_point
        <if test="_parameter != null">
            <include refid="Example_Where_Clause"/>
        </if>
    </select>
    <update id="updateByExampleSelective" parameterType="map">
        <!--
          WARNING - @mbg.generated
          This element is automatically generated by MyBatis Generator, do not modify.
          This element was generated on Fri Feb 14 18:41:38 CST 2020.
        -->
        update charge_point
        <set>
            <if test="record.id != null">
                id = #{record.id,jdbcType=INTEGER},
            </if>
            <if test="record.no != null">
                no = #{record.no,jdbcType=INTEGER},
            </if>
            <if test="record.awardstr != null">
                awardStr = #{record.awardstr,jdbcType=VARCHAR},
            </if>
            <if test="record.point != null">
                point = #{record.point,jdbcType=INTEGER},
            </if>
            <if test="record.leftNum != null">
                left_num = #{record.leftNum,jdbcType=INTEGER},
            </if>
        </set>
        <if test="_parameter != null">
            <include refid="Update_By_Example_Where_Clause"/>
        </if>
    </update>
    <update id="updateByExample" parameterType="map">
        <!--
          WARNING - @mbg.generated
          This element is automatically generated by MyBatis Generator, do not modify.
          This element was generated on Fri Feb 14 18:41:38 CST 2020.
        -->
        update charge_point
        set id = #{record.id,jdbcType=INTEGER},
        no = #{record.no,jdbcType=INTEGER},
        awardStr = #{record.awardstr,jdbcType=VARCHAR},
        point = #{record.point,jdbcType=INTEGER},
        left_num = #{record.leftNum,jdbcType=INTEGER}
        <if test="_parameter != null">
            <include refid="Update_By_Example_Where_Clause"/>
        </if>
    </update>
    <update id="updateByPrimaryKeySelective" parameterType="com.fengshen.db.domain.ChargePoint">
        <!--
          WARNING - @mbg.generated
          This element is automatically generated by MyBatis Generator, do not modify.
          This element was generated on Fri Feb 14 18:41:38 CST 2020.
        -->
        update charge_point
        <set>
            <if test="no != null">
                no = #{no,jdbcType=INTEGER},
            </if>
            <if test="awardstr != null">
                awardStr = #{awardstr,jdbcType=VARCHAR},
            </if>
            <if test="point != null">
                point = #{point,jdbcType=INTEGER},
            </if>
            <if test="leftNum != null">
                left_num = #{leftNum,jdbcType=INTEGER},
            </if>
        </set>
        where id = #{id,jdbcType=INTEGER}
    </update>
    <update id="updateByPrimaryKey" parameterType="com.fengshen.db.domain.ChargePoint">
        <!--
          WARNING - @mbg.generated
          This element is automatically generated by MyBatis Generator, do not modify.
          This element was generated on Fri Feb 14 18:41:38 CST 2020.
        -->
        update charge_point
        set no = #{no,jdbcType=INTEGER},
        awardStr = #{awardstr,jdbcType=VARCHAR},
        point = #{point,jdbcType=INTEGER},
        left_num = #{leftNum,jdbcType=INTEGER}
        where id = #{id,jdbcType=INTEGER}
    </update>
</mapper>