<?xml version="1.0" encoding="UTF-8"?>
<!DOCTYPE mapper PUBLIC "-//mybatis.org//DTD Mapper 3.0//EN" "http://mybatis.org/dtd/mybatis-3-mapper.dtd">
<mapper namespace="com.fengshen.db.dao.DialogMapper">
    <resultMap id="BaseResultMap" type="com.fengshen.db.domain.Dialog">
        <id column="id" jdbcType="INTEGER" property="id"/>
        <result column="peer_name" jdbcType="VARCHAR" property="peerName"/>
        <result column="ask_type" jdbcType="VARCHAR" property="askType"/>
        <result column="apply_gid" jdbcType="VARCHAR" property="applyGid"/>
        <result column="create_time" jdbcType="TIMESTAMP" property="createTime"/>
    </resultMap>
    <resultMap extends="BaseResultMap" id="ResultMapWithBLOBs" type="com.fengshen.db.domain.Dialog">
        <result column="ext_json" jdbcType="LONGVARCHAR" property="extJson"/>
    </resultMap>
</mapper>