<?xml version="1.0" encoding="UTF-8"?>
<!DOCTYPE mapper PUBLIC "-//mybatis.org//DTD Mapper 3.0//EN" "http://mybatis.org/dtd/mybatis-3-mapper.dtd">
<mapper namespace="com.fengshen.db.dao.FasionCustomInfoMapper">
    <resultMap id="BaseResultMap" type="com.fengshen.db.domain.FasionCustomInfo">
        <id column="id" jdbcType="INTEGER" property="id"/>
        <result column="equip_pos" jdbcType="INTEGER" property="equipPos"/>
        <result column="fasion_part" jdbcType="INTEGER" property="fasionPart"/>
        <result column="fasion_dye" jdbcType="INTEGER" property="fasionDye"/>
        <result column="name" jdbcType="VARCHAR" property="name"/>
        <result column="gift" jdbcType="INTEGER" property="gift"/>
        <result column="icon" jdbcType="INTEGER" property="icon"/>
        <result column="goods_price" jdbcType="INTEGER" property="goodsPrice"/>
        <result column="sex" jdbcType="INTEGER" property="sex"/>
        <result column="position" jdbcType="INTEGER" property="position"/>
        <result column="category" jdbcType="INTEGER" property="category"/>
        <result column="add_time" jdbcType="TIMESTAMP" property="addTime"/>
        <result column="update_time" jdbcType="TIMESTAMP" property="updateTime"/>
        <result column="deleted" jdbcType="BIT" property="deleted"/>
    </resultMap>
    <sql id="Base_Column_List">
        id
        , equip_pos, fasion_part, fasion_dye, name, gift, icon, goods_price, sex, position,
    category, add_time, update_time, deleted
    </sql>

</mapper>