<?xml version="1.0" encoding="UTF-8"?>
<!DOCTYPE mapper PUBLIC "-//mybatis.org//DTD Mapper 3.0//EN" "http://mybatis.org/dtd/mybatis-3-mapper.dtd">
<mapper namespace="com.fengshen.db.dao.FriendMapper">
    <resultMap id="BaseResultMap" type="com.fengshen.db.domain.Friend">
        <id column="id" jdbcType="INTEGER" property="id"/>
        <result column="friend_score" jdbcType="INTEGER" property="friendScore"/>
        <result column="friend_name" jdbcType="VARCHAR" property="friendName"/>
        <result column="friend_gid" jdbcType="VARCHAR" property="friendGid"/>
        <result column="gid" jdbcType="VARCHAR" property="gid"/>
        <result column="group_id" jdbcType="VARCHAR" property="groupId"/>
        <result column="group_name" jdbcType="VARCHAR" property="groupName"/>
        <result column="update_time" jdbcType="TIMESTAMP" property="updateTime"/>
        <result column="add_time" jdbcType="TIMESTAMP" property="addTime"/>
    </resultMap>
    <resultMap extends="BaseResultMap" id="ResultMapWithBLOBs" type="com.fengshen.db.domain.Friend">
        <result column="ext_json" jdbcType="LONGVARCHAR" property="extJson"/>
    </resultMap>
    <sql id="Base_Column_List">
        id
        , friend_score, friend_name, friend_gid, gid, group_id, group_name, update_time,
    add_time
    </sql>
    <sql id="Blob_Column_List">
        ext_json
    </sql>

</mapper>