<?xml version="1.0" encoding="UTF-8"?>
<!DOCTYPE mapper PUBLIC "-//mybatis.org//DTD Mapper 3.0//EN" "http://mybatis.org/dtd/mybatis-3-mapper.dtd">
<mapper namespace="com.fengshen.db.dao.FriendGroupMapper">
    <resultMap id="BaseResultMap" type="com.fengshen.db.domain.FriendGroup">
        <id column="id" jdbcType="INTEGER" property="id"/>
        <result column="name" jdbcType="VARCHAR" property="name"/>
        <result column="group_id" jdbcType="VARCHAR" property="groupId"/>
        <result column="gid" jdbcType="VARCHAR" property="gid"/>
        <result column="update_time" jdbcType="TIMESTAMP" property="updateTime"/>
        <result column="add_time" jdbcType="TIMESTAMP" property="addTime"/>
    </resultMap>
    <sql id="Base_Column_List">
        id
        , name, group_id, gid, update_time, add_time
    </sql>

</mapper>