<?xml version="1.0" encoding="UTF-8"?>
<!DOCTYPE mapper PUBLIC "-//mybatis.org//DTD Mapper 3.0//EN" "http://mybatis.org/dtd/mybatis-3-mapper.dtd">
<mapper namespace="com.fengshen.db.dao.GoldStallNineGoodsMapper">
    <resultMap id="BaseResultMap" type="com.fengshen.db.domain.GoldStallNineGoods">
        <id column="id" jdbcType="INTEGER" property="id"/>
        <result column="name" jdbcType="VARCHAR" property="name"/>
        <result column="goods_id" jdbcType="VARCHAR" property="goodsId"/>
        <result column="price" jdbcType="INTEGER" property="price"/>
        <result column="status" jdbcType="INTEGER" property="status"/>
        <result column="alias" jdbcType="VARCHAR" property="alias"/>
        <result column="req_level" jdbcType="INTEGER" property="reqLevel"/>
        <result column="gid" jdbcType="VARCHAR" property="gid"/>
        <result column="update_time" jdbcType="TIMESTAMP" property="updateTime"/>
        <result column="level" jdbcType="INTEGER" property="level"/>
        <result column="stall_item_type" jdbcType="INTEGER" property="stallItemType"/>
        <result column="extra" jdbcType="VARCHAR" property="extra"/>
        <result column="item_polar" jdbcType="INTEGER" property="itemPolar"/>
        <result column="cg_price_count" jdbcType="INTEGER" property="cgPriceCount"/>
        <result column="start_time" jdbcType="INTEGER" property="startTime"/>
        <result column="end_time" jdbcType="INTEGER" property="endTime"/>
        <result column="init_price" jdbcType="INTEGER" property="initPrice"/>
        <result column="flag_num" jdbcType="INTEGER" property="flagNum"/>
        <result column="buyout_price" jdbcType="INTEGER" property="buyoutPrice"/>
        <result column="sell_type" jdbcType="INTEGER" property="sellType"/>
        <result column="appointee_name" jdbcType="VARCHAR" property="appointeeName"/>
        <result column="master" jdbcType="VARCHAR" property="master"/>
        <result column="deleted" jdbcType="BIT" property="deleted"/>
        <result column="add_time" jdbcType="TIMESTAMP" property="addTime"/>
    </resultMap>
    <resultMap extends="BaseResultMap" id="ResultMapWithBLOBs" type="com.fengshen.db.domain.GoldStallNineGoods">
        <result column="goods" jdbcType="LONGVARCHAR" property="goods"/>
    </resultMap>
</mapper>