<?xml version="1.0" encoding="UTF-8"?>
<!DOCTYPE mapper PUBLIC "-//mybatis.org//DTD Mapper 3.0//EN" "http://mybatis.org/dtd/mybatis-3-mapper.dtd">
<mapper namespace="com.fengshen.db.dao.LaoFangMapper">
    <resultMap id="BaseResultMap" type="com.fengshen.db.domain.masked.LaoFang">
        <!--
          WARNING - @mbg.generated
          This element is automatically generated by MyBatis Generator, do not modify.
          This element was generated on Wed Feb 05 22:20:54 CST 2020.
        -->
        <constructor>
            <idArg column="id" javaType="java.lang.Integer" jdbcType="INTEGER"/>
            <arg column="chara_id" javaType="java.lang.Integer" jdbcType="INTEGER"/>
            <arg column="itime" javaType="java.lang.Integer" jdbcType="INTEGER"/>
            <arg column="add_time" javaType="java.lang.String" jdbcType="VARCHAR"/>
            <arg column="pk_record_id" javaType="java.lang.Integer" jdbcType="INTEGER"/>
            <arg column="deleted" javaType="java.lang.Boolean" jdbcType="BIT"/>
            <arg column="update_time" javaType="java.lang.String" jdbcType="VARCHAR"/>
        </constructor>
    </resultMap>
    <sql id="Example_Where_Clause">
        <!--
          WARNING - @mbg.generated
          This element is automatically generated by MyBatis Generator, do not modify.
          This element was generated on Wed Feb 05 22:20:54 CST 2020.
        -->
        <where>
            <foreach collection="oredCriteria" item="criteria" separator="or">
                <if test="criteria.valid">
                    <trim prefix="(" prefixOverrides="and" suffix=")">
                        <foreach collection="criteria.criteria" item="criterion">
                            <choose>
                                <when test="criterion.noValue">
                                    and ${criterion.condition}
                                </when>
                                <when test="criterion.singleValue">
                                    and ${criterion.condition} #{criterion.value}
                                </when>
                                <when test="criterion.betweenValue">
                                    and ${criterion.condition} #{criterion.value} and #{criterion.secondValue}
                                </when>
                                <when test="criterion.listValue">
                                    and ${criterion.condition}
                                    <foreach close=")" collection="criterion.value" item="listItem" open="("
                                             separator=",">
                                        #{listItem}
                                    </foreach>
                                </when>
                            </choose>
                        </foreach>
                    </trim>
                </if>
            </foreach>
        </where>
    </sql>
    <sql id="Update_By_Example_Where_Clause">
        <!--
          WARNING - @mbg.generated
          This element is automatically generated by MyBatis Generator, do not modify.
          This element was generated on Wed Feb 05 22:20:54 CST 2020.
        -->
        <where>
            <foreach collection="example.oredCriteria" item="criteria" separator="or">
                <if test="criteria.valid">
                    <trim prefix="(" prefixOverrides="and" suffix=")">
                        <foreach collection="criteria.criteria" item="criterion">
                            <choose>
                                <when test="criterion.noValue">
                                    and ${criterion.condition}
                                </when>
                                <when test="criterion.singleValue">
                                    and ${criterion.condition} #{criterion.value}
                                </when>
                                <when test="criterion.betweenValue">
                                    and ${criterion.condition} #{criterion.value} and #{criterion.secondValue}
                                </when>
                                <when test="criterion.listValue">
                                    and ${criterion.condition}
                                    <foreach close=")" collection="criterion.value" item="listItem" open="("
                                             separator=",">
                                        #{listItem}
                                    </foreach>
                                </when>
                            </choose>
                        </foreach>
                    </trim>
                </if>
            </foreach>
        </where>
    </sql>
    <sql id="Base_Column_List">
        <!--
          WARNING - @mbg.generated
          This element is automatically generated by MyBatis Generator, do not modify.
          This element was generated on Wed Feb 05 22:20:54 CST 2020.
        -->
        id, chara_id, itime, add_time, pk_record_id, deleted, update_time
    </sql>
    <select id="selectByExample" parameterType="com.fengshen.db.domain.example.LaoFangExample"
            resultMap="BaseResultMap">
        <!--
          WARNING - @mbg.generated
          This element is automatically generated by MyBatis Generator, do not modify.
          This element was generated on Wed Feb 05 22:20:54 CST 2020.
        -->
        select
        <if test="distinct">
            distinct
        </if>
        <include refid="Base_Column_List"/>
        from lao_fang
        <if test="_parameter != null">
            <include refid="Example_Where_Clause"/>
        </if>
        <if test="orderByClause != null">
            order by ${orderByClause}
        </if>
    </select>
    <select id="selectByPrimaryKey" parameterType="java.lang.Integer" resultMap="BaseResultMap">
        <!--
          WARNING - @mbg.generated
          This element is automatically generated by MyBatis Generator, do not modify.
          This element was generated on Wed Feb 05 22:20:54 CST 2020.
        -->
        select
        <include refid="Base_Column_List"/>
        from lao_fang
        where id = #{id,jdbcType=INTEGER}
    </select>
    <delete id="deleteByPrimaryKey" parameterType="java.lang.Integer">
        <!--
          WARNING - @mbg.generated
          This element is automatically generated by MyBatis Generator, do not modify.
          This element was generated on Wed Feb 05 22:20:54 CST 2020.
        -->
        delete from lao_fang
        where id = #{id,jdbcType=INTEGER}
    </delete>
    <delete id="deleteByExample" parameterType="com.fengshen.db.domain.example.LaoFangExample">
        <!--
          WARNING - @mbg.generated
          This element is automatically generated by MyBatis Generator, do not modify.
          This element was generated on Wed Feb 05 22:20:54 CST 2020.
        -->
        delete from lao_fang
        <if test="_parameter != null">
            <include refid="Example_Where_Clause"/>
        </if>
    </delete>
    <insert id="insert" parameterType="com.fengshen.db.domain.masked.LaoFang">
        <!--
          WARNING - @mbg.generated
          This element is automatically generated by MyBatis Generator, do not modify.
          This element was generated on Wed Feb 05 22:20:54 CST 2020.
        -->
        insert into lao_fang (id, chara_id, itime,
        add_time, pk_record_id, deleted,
        update_time)
        values (#{id,jdbcType=INTEGER}, #{charaId,jdbcType=INTEGER}, #{itime,jdbcType=INTEGER},
        #{addTime,jdbcType=VARCHAR}, #{pkRecordId,jdbcType=INTEGER}, #{deleted,jdbcType=BIT},
        #{updateTime,jdbcType=VARCHAR})
    </insert>
    <insert id="insertSelective" parameterType="com.fengshen.db.domain.masked.LaoFang">
        <!--
          WARNING - @mbg.generated
          This element is automatically generated by MyBatis Generator, do not modify.
          This element was generated on Wed Feb 05 22:20:54 CST 2020.
        -->
        insert into lao_fang
        <trim prefix="(" suffix=")" suffixOverrides=",">
            <if test="id != null">
                id,
            </if>
            <if test="charaId != null">
                chara_id,
            </if>
            <if test="itime != null">
                itime,
            </if>
            <if test="addTime != null">
                add_time,
            </if>
            <if test="pkRecordId != null">
                pk_record_id,
            </if>
            <if test="deleted != null">
                deleted,
            </if>
            <if test="updateTime != null">
                update_time,
            </if>
        </trim>
        <trim prefix="values (" suffix=")" suffixOverrides=",">
            <if test="id != null">
                #{id,jdbcType=INTEGER},
            </if>
            <if test="charaId != null">
                #{charaId,jdbcType=INTEGER},
            </if>
            <if test="itime != null">
                #{itime,jdbcType=INTEGER},
            </if>
            <if test="addTime != null">
                #{addTime,jdbcType=VARCHAR},
            </if>
            <if test="pkRecordId != null">
                #{pkRecordId,jdbcType=INTEGER},
            </if>
            <if test="deleted != null">
                #{deleted,jdbcType=BIT},
            </if>
            <if test="updateTime != null">
                #{updateTime,jdbcType=VARCHAR},
            </if>
        </trim>
    </insert>
    <select id="countByExample" parameterType="com.fengshen.db.domain.example.LaoFangExample"
            resultType="java.lang.Long">
        <!--
          WARNING - @mbg.generated
          This element is automatically generated by MyBatis Generator, do not modify.
          This element was generated on Wed Feb 05 22:20:54 CST 2020.
        -->
        select count(*) from lao_fang
        <if test="_parameter != null">
            <include refid="Example_Where_Clause"/>
        </if>
    </select>
    <update id="updateByExampleSelective" parameterType="map">
        <!--
          WARNING - @mbg.generated
          This element is automatically generated by MyBatis Generator, do not modify.
          This element was generated on Wed Feb 05 22:20:54 CST 2020.
        -->
        update lao_fang
        <set>
            <if test="record.id != null">
                id = #{record.id,jdbcType=INTEGER},
            </if>
            <if test="record.charaId != null">
                chara_id = #{record.charaId,jdbcType=INTEGER},
            </if>
            <if test="record.itime != null">
                itime = #{record.itime,jdbcType=INTEGER},
            </if>
            <if test="record.addTime != null">
                add_time = #{record.addTime,jdbcType=VARCHAR},
            </if>
            <if test="record.pkRecordId != null">
                pk_record_id = #{record.pkRecordId,jdbcType=INTEGER},
            </if>
            <if test="record.deleted != null">
                deleted = #{record.deleted,jdbcType=BIT},
            </if>
            <if test="record.updateTime != null">
                update_time = #{record.updateTime,jdbcType=VARCHAR},
            </if>
        </set>
        <if test="_parameter != null">
            <include refid="Update_By_Example_Where_Clause"/>
        </if>
    </update>
    <update id="updateByExample" parameterType="map">
        <!--
          WARNING - @mbg.generated
          This element is automatically generated by MyBatis Generator, do not modify.
          This element was generated on Wed Feb 05 22:20:54 CST 2020.
        -->
        update lao_fang
        set id = #{record.id,jdbcType=INTEGER},
        chara_id = #{record.charaId,jdbcType=INTEGER},
        itime = #{record.itime,jdbcType=INTEGER},
        add_time = #{record.addTime,jdbcType=VARCHAR},
        pk_record_id = #{record.pkRecordId,jdbcType=INTEGER},
        deleted = #{record.deleted,jdbcType=BIT},
        update_time = #{record.updateTime,jdbcType=VARCHAR}
        <if test="_parameter != null">
            <include refid="Update_By_Example_Where_Clause"/>
        </if>
    </update>
    <update id="updateByPrimaryKeySelective" parameterType="com.fengshen.db.domain.masked.LaoFang">
        <!--
          WARNING - @mbg.generated
          This element is automatically generated by MyBatis Generator, do not modify.
          This element was generated on Wed Feb 05 22:20:54 CST 2020.
        -->
        update lao_fang
        <set>
            <if test="charaId != null">
                chara_id = #{charaId,jdbcType=INTEGER},
            </if>
            <if test="itime != null">
                itime = #{itime,jdbcType=INTEGER},
            </if>
            <if test="addTime != null">
                add_time = #{addTime,jdbcType=VARCHAR},
            </if>
            <if test="pkRecordId != null">
                pk_record_id = #{pkRecordId,jdbcType=INTEGER},
            </if>
            <if test="deleted != null">
                deleted = #{deleted,jdbcType=BIT},
            </if>
            <if test="updateTime != null">
                update_time = #{updateTime,jdbcType=VARCHAR},
            </if>
        </set>
        where id = #{id,jdbcType=INTEGER}
    </update>
    <update id="updateByPrimaryKey" parameterType="com.fengshen.db.domain.masked.LaoFang">
        <!--
          WARNING - @mbg.generated
          This element is automatically generated by MyBatis Generator, do not modify.
          This element was generated on Wed Feb 05 22:20:54 CST 2020.
        -->
        update lao_fang
        set chara_id = #{charaId,jdbcType=INTEGER},
        itime = #{itime,jdbcType=INTEGER},
        add_time = #{addTime,jdbcType=VARCHAR},
        pk_record_id = #{pkRecordId,jdbcType=INTEGER},
        deleted = #{deleted,jdbcType=BIT},
        update_time = #{updateTime,jdbcType=VARCHAR}
        where id = #{id,jdbcType=INTEGER}
    </update>
    <select id="selectOneByExample" parameterType="com.fengshen.db.domain.example.LaoFangExample"
            resultMap="BaseResultMap">
        select
        <include refid="Base_Column_List"/>
        from lao_fang
        <if test="_parameter != null">
            <include refid="Example_Where_Clause"/>
        </if>
        <if test="orderByClause != null">
            order by ${orderByClause}
        </if>
        limit 1
    </select>
    <select id="findlaofang" resultType="com.fengshen.db.domain.masked.LaoFang" resultMap="BaseResultMap">
        select
        <include refid="Base_Column_List"/>
        from lao_fang
    </select>
</mapper>