<?xml version="1.0" encoding="UTF-8"?>
<!DOCTYPE mapper PUBLIC "-//mybatis.org//DTD Mapper 3.0//EN" "http://mybatis.org/dtd/mybatis-3-mapper.dtd">
<mapper namespace="com.fengshen.db.dao.LeiTaiRankMapper">
    <resultMap id="BaseResultMap" type="com.fengshen.server.domain.arena.LeiTaiRank">
        <result column="gid" jdbcType="VARCHAR" property="gid"/>
        <result column="name" jdbcType="VARCHAR" property="name"/>
        <result column="level" jdbcType="INTEGER" property="level"/>
        <result column="polar" jdbcType="INTEGER" property="polar"/>
        <result column="score" jdbcType="INTEGER" property="score"/>
    </resultMap>
    <insert id="insert" parameterType="com.fengshen.server.domain.arena.LeiTaiRank">
        insert into leitairank (gid, name, level, polar, score)
        values (#{gid}, #{name}, #{level}, #{polar}, #{score})
    </insert>

    <delete id="delete" parameterType="com.fengshen.server.domain.arena.LeiTaiRank">
        delete
        from leitairank
    </delete>
    <select id="selectAll" resultType="com.fengshen.server.domain.arena.LeiTaiRank">
        select *
        from leitairank

    </select>
</mapper>