<?xml version="1.0" encoding="UTF-8"?>
<!DOCTYPE mapper PUBLIC "-//mybatis.org//DTD Mapper 3.0//EN" "http://mybatis.org/dtd/mybatis-3-mapper.dtd">
<mapper namespace="com.fengshen.db.dao.NpcDialogueMapper">
    <resultMap id="BaseResultMap" type="com.fengshen.db.domain.NpcDialogue">
        <id column="id" jdbcType="INTEGER" property="id"/>
        <result column="name" jdbcType="VARCHAR" property="name"/>
        <result column="portranit" jdbcType="INTEGER" property="portranit"/>
        <result column="pic_no" jdbcType="INTEGER" property="picNo"/>
        <result column="content" jdbcType="VARCHAR" property="content"/>
        <result column="isconmlete" jdbcType="INTEGER" property="isconmlete"/>
        <result column="isincombat" jdbcType="INTEGER" property="isincombat"/>
        <result column="palytime" jdbcType="INTEGER" property="palytime"/>
        <result column="task_type" jdbcType="VARCHAR" property="taskType"/>
        <result column="add_time" jdbcType="TIMESTAMP" property="addTime"/>
        <result column="update_time" jdbcType="TIMESTAMP" property="updateTime"/>
        <result column="deleted" jdbcType="BIT" property="deleted"/>
        <result column="idname" jdbcType="VARCHAR" property="idname"/>
    </resultMap>
    <sql id="Example_Where_Clause">
        <where>
            <foreach collection="oredCriteria" item="criteria" separator="or">
                <if test="criteria.valid">
                    <trim prefix="(" prefixOverrides="and" suffix=")">
                        <foreach collection="criteria.criteria" item="criterion">
                            <choose>
                                <when test="criterion.noValue">
                                    and ${criterion.condition}
                                </when>
                                <when test="criterion.singleValue">
                                    and ${criterion.condition} #{criterion.value}
                                </when>
                                <when test="criterion.betweenValue">
                                    and ${criterion.condition} #{criterion.value} and #{criterion.secondValue}
                                </when>
                                <when test="criterion.listValue">
                                    and ${criterion.condition}
                                    <foreach close=")" collection="criterion.value" item="listItem" open="("
                                             separator=",">
                                        #{listItem}
                                    </foreach>
                                </when>
                            </choose>
                        </foreach>
                    </trim>
                </if>
            </foreach>
        </where>
    </sql>
    <sql id="Update_By_Example_Where_Clause">
        <where>
            <foreach collection="example.oredCriteria" item="criteria" separator="or">
                <if test="criteria.valid">
                    <trim prefix="(" prefixOverrides="and" suffix=")">
                        <foreach collection="criteria.criteria" item="criterion">
                            <choose>
                                <when test="criterion.noValue">
                                    and ${criterion.condition}
                                </when>
                                <when test="criterion.singleValue">
                                    and ${criterion.condition} #{criterion.value}
                                </when>
                                <when test="criterion.betweenValue">
                                    and ${criterion.condition} #{criterion.value} and #{criterion.secondValue}
                                </when>
                                <when test="criterion.listValue">
                                    and ${criterion.condition}
                                    <foreach close=")" collection="criterion.value" item="listItem" open="("
                                             separator=",">
                                        #{listItem}
                                    </foreach>
                                </when>
                            </choose>
                        </foreach>
                    </trim>
                </if>
            </foreach>
        </where>
    </sql>
    <sql id="Base_Column_List">
        id
        , `name`, portranit, pic_no, content, isconmlete, isincombat, palytime, task_type,
    add_time, update_time, deleted, idname
    </sql>
    <select id="selectByExample" parameterType="com.fengshen.db.domain.example.NpcDialogueExample"
            resultMap="BaseResultMap">
        select
        <if test="distinct">
            distinct
        </if>
        <include refid="Base_Column_List"/>
        from npc_dialogue
        <if test="_parameter != null">
            <include refid="Example_Where_Clause"/>
        </if>
        <if test="orderByClause != null">
            order by ${orderByClause}
        </if>
    </select>
    <select id="selectByExampleSelective" parameterType="map" resultMap="BaseResultMap">
        <!--
          WARNING - @mbg.generated
          This element is automatically generated by MyBatis Generator, do not modify.
          @project https://github.com/itfsw/mybatis-generator-plugin
        -->
        select
        <if test="example.distinct">
            distinct
        </if>
        <choose>
            <when test="selective != null and selective.length > 0">
                <foreach collection="selective" item="column" separator=",">
                    ${column.escapedColumnName}
                </foreach>
            </when>
            <otherwise>
                id, `name`, portranit, pic_no, content, isconmlete, isincombat, palytime, task_type,
                add_time, update_time, deleted, idname
            </otherwise>
        </choose>
        from npc_dialogue
        <if test="_parameter != null">
            <include refid="Update_By_Example_Where_Clause"/>
        </if>
        <if test="example.orderByClause != null">
            order by ${example.orderByClause}
        </if>
    </select>
    <select id="selectByPrimaryKey" parameterType="java.lang.Integer" resultMap="BaseResultMap">
        select
        <include refid="Base_Column_List"/>
        from npc_dialogue
        where id = #{id,jdbcType=INTEGER}
    </select>
    <select id="selectByPrimaryKeyWithLogicalDelete" parameterType="map" resultMap="BaseResultMap">
        <!--
          WARNING - @mbg.generated
          This element is automatically generated by MyBatis Generator, do not modify.
          @project https://github.com/itfsw/mybatis-generator-plugin
        -->
        select
        <include refid="Base_Column_List"/>
        from npc_dialogue
        where id = #{id,jdbcType=INTEGER}
        and deleted =
        <choose>
            <when test="andLogicalDeleted">
                1
            </when>
            <otherwise>
                0
            </otherwise>
        </choose>
    </select>
    <select id="selectByPrimaryKeySelective" parameterType="map" resultMap="BaseResultMap">
        <!--
          WARNING - @mbg.generated
          This element is automatically generated by MyBatis Generator, do not modify.
          @project https://github.com/itfsw/mybatis-generator-plugin
        -->
        select
        <choose>
            <when test="selective != null and selective.length > 0">
                <foreach collection="selective" item="column" separator=",">
                    ${column.escapedColumnName}
                </foreach>
            </when>
            <otherwise>
                id, `name`, portranit, pic_no, content, isconmlete, isincombat, palytime, task_type,
                add_time, update_time, deleted, idname
            </otherwise>
        </choose>
        from npc_dialogue
        where id = #{id,jdbcType=INTEGER}
    </select>
    <delete id="deleteByPrimaryKey" parameterType="java.lang.Integer">
        delete
        from npc_dialogue
        where id = #{id,jdbcType=INTEGER}
    </delete>
    <delete id="deleteByExample" parameterType="com.fengshen.db.domain.example.NpcDialogueExample">
        delete from npc_dialogue
        <if test="_parameter != null">
            <include refid="Example_Where_Clause"/>
        </if>
    </delete>
    <insert id="insert" parameterType="com.fengshen.db.domain.NpcDialogue">
        <selectKey keyProperty="id" order="AFTER" resultType="java.lang.Integer">
            SELECT LAST_INSERT_ID()
        </selectKey>
        insert into npc_dialogue (`name`, portranit, pic_no,
        content, isconmlete, isincombat,
        palytime, task_type, add_time,
        update_time, deleted, idname
        )
        values (#{name,jdbcType=VARCHAR}, #{portranit,jdbcType=INTEGER}, #{picNo,jdbcType=INTEGER},
        #{content,jdbcType=VARCHAR}, #{isconmlete,jdbcType=INTEGER}, #{isincombat,jdbcType=INTEGER},
        #{palytime,jdbcType=INTEGER}, #{taskType,jdbcType=VARCHAR}, #{addTime,jdbcType=TIMESTAMP},
        #{updateTime,jdbcType=TIMESTAMP}, #{deleted,jdbcType=BIT}, #{idname,jdbcType=VARCHAR}
        )
    </insert>
    <insert id="insertSelective" parameterType="com.fengshen.db.domain.NpcDialogue">
        <selectKey keyProperty="id" order="AFTER" resultType="java.lang.Integer">
            SELECT LAST_INSERT_ID()
        </selectKey>
        insert into npc_dialogue
        <trim prefix="(" suffix=")" suffixOverrides=",">
            <if test="name != null">
                `name`,
            </if>
            <if test="portranit != null">
                portranit,
            </if>
            <if test="picNo != null">
                pic_no,
            </if>
            <if test="content != null">
                content,
            </if>
            <if test="isconmlete != null">
                isconmlete,
            </if>
            <if test="isincombat != null">
                isincombat,
            </if>
            <if test="palytime != null">
                palytime,
            </if>
            <if test="taskType != null">
                task_type,
            </if>
            <if test="addTime != null">
                add_time,
            </if>
            <if test="updateTime != null">
                update_time,
            </if>
            <if test="deleted != null">
                deleted,
            </if>
            <if test="idname != null">
                idname,
            </if>
        </trim>
        <trim prefix="values (" suffix=")" suffixOverrides=",">
            <if test="name != null">
                #{name,jdbcType=VARCHAR},
            </if>
            <if test="portranit != null">
                #{portranit,jdbcType=INTEGER},
            </if>
            <if test="picNo != null">
                #{picNo,jdbcType=INTEGER},
            </if>
            <if test="content != null">
                #{content,jdbcType=VARCHAR},
            </if>
            <if test="isconmlete != null">
                #{isconmlete,jdbcType=INTEGER},
            </if>
            <if test="isincombat != null">
                #{isincombat,jdbcType=INTEGER},
            </if>
            <if test="palytime != null">
                #{palytime,jdbcType=INTEGER},
            </if>
            <if test="taskType != null">
                #{taskType,jdbcType=VARCHAR},
            </if>
            <if test="addTime != null">
                #{addTime,jdbcType=TIMESTAMP},
            </if>
            <if test="updateTime != null">
                #{updateTime,jdbcType=TIMESTAMP},
            </if>
            <if test="deleted != null">
                #{deleted,jdbcType=BIT},
            </if>
            <if test="idname != null">
                #{idname,jdbcType=VARCHAR},
            </if>
        </trim>
    </insert>
    <select id="countByExample" parameterType="com.fengshen.db.domain.example.NpcDialogueExample"
            resultType="java.lang.Long">
        select count(*) from npc_dialogue
        <if test="_parameter != null">
            <include refid="Example_Where_Clause"/>
        </if>
    </select>
    <update id="updateByExampleSelective" parameterType="map">
        update npc_dialogue
        <set>
            <if test="record.id != null">
                id = #{record.id,jdbcType=INTEGER},
            </if>
            <if test="record.name != null">
                `name` = #{record.name,jdbcType=VARCHAR},
            </if>
            <if test="record.portranit != null">
                portranit = #{record.portranit,jdbcType=INTEGER},
            </if>
            <if test="record.picNo != null">
                pic_no = #{record.picNo,jdbcType=INTEGER},
            </if>
            <if test="record.content != null">
                content = #{record.content,jdbcType=VARCHAR},
            </if>
            <if test="record.isconmlete != null">
                isconmlete = #{record.isconmlete,jdbcType=INTEGER},
            </if>
            <if test="record.isincombat != null">
                isincombat = #{record.isincombat,jdbcType=INTEGER},
            </if>
            <if test="record.palytime != null">
                palytime = #{record.palytime,jdbcType=INTEGER},
            </if>
            <if test="record.taskType != null">
                task_type = #{record.taskType,jdbcType=VARCHAR},
            </if>
            <if test="record.addTime != null">
                add_time = #{record.addTime,jdbcType=TIMESTAMP},
            </if>
            <if test="record.updateTime != null">
                update_time = #{record.updateTime,jdbcType=TIMESTAMP},
            </if>
            <if test="record.deleted != null">
                deleted = #{record.deleted,jdbcType=BIT},
            </if>
            <if test="record.idname != null">
                idname = #{record.idname,jdbcType=VARCHAR},
            </if>
        </set>
        <if test="_parameter != null">
            <include refid="Update_By_Example_Where_Clause"/>
        </if>
    </update>
    <update id="updateByExample" parameterType="map">
        update npc_dialogue
        set id = #{record.id,jdbcType=INTEGER},
        `name` = #{record.name,jdbcType=VARCHAR},
        portranit = #{record.portranit,jdbcType=INTEGER},
        pic_no = #{record.picNo,jdbcType=INTEGER},
        content = #{record.content,jdbcType=VARCHAR},
        isconmlete = #{record.isconmlete,jdbcType=INTEGER},
        isincombat = #{record.isincombat,jdbcType=INTEGER},
        palytime = #{record.palytime,jdbcType=INTEGER},
        task_type = #{record.taskType,jdbcType=VARCHAR},
        add_time = #{record.addTime,jdbcType=TIMESTAMP},
        update_time = #{record.updateTime,jdbcType=TIMESTAMP},
        deleted = #{record.deleted,jdbcType=BIT},
        idname = #{record.idname,jdbcType=VARCHAR}
        <if test="_parameter != null">
            <include refid="Update_By_Example_Where_Clause"/>
        </if>
    </update>
    <update id="updateByPrimaryKeySelective" parameterType="com.fengshen.db.domain.NpcDialogue">
        update npc_dialogue
        <set>
            <if test="name != null">
                `name` = #{name,jdbcType=VARCHAR},
            </if>
            <if test="portranit != null">
                portranit = #{portranit,jdbcType=INTEGER},
            </if>
            <if test="picNo != null">
                pic_no = #{picNo,jdbcType=INTEGER},
            </if>
            <if test="content != null">
                content = #{content,jdbcType=VARCHAR},
            </if>
            <if test="isconmlete != null">
                isconmlete = #{isconmlete,jdbcType=INTEGER},
            </if>
            <if test="isincombat != null">
                isincombat = #{isincombat,jdbcType=INTEGER},
            </if>
            <if test="palytime != null">
                palytime = #{palytime,jdbcType=INTEGER},
            </if>
            <if test="taskType != null">
                task_type = #{taskType,jdbcType=VARCHAR},
            </if>
            <if test="addTime != null">
                add_time = #{addTime,jdbcType=TIMESTAMP},
            </if>
            <if test="updateTime != null">
                update_time = #{updateTime,jdbcType=TIMESTAMP},
            </if>
            <if test="deleted != null">
                deleted = #{deleted,jdbcType=BIT},
            </if>
            <if test="idname != null">
                idname = #{idname,jdbcType=VARCHAR},
            </if>
        </set>
        where id = #{id,jdbcType=INTEGER}
    </update>
    <update id="updateByPrimaryKey" parameterType="com.fengshen.db.domain.NpcDialogue">
        update npc_dialogue
        set `name`      = #{name,jdbcType=VARCHAR},
            portranit   = #{portranit,jdbcType=INTEGER},
            pic_no      = #{picNo,jdbcType=INTEGER},
            content     = #{content,jdbcType=VARCHAR},
            isconmlete  = #{isconmlete,jdbcType=INTEGER},
            isincombat  = #{isincombat,jdbcType=INTEGER},
            palytime    = #{palytime,jdbcType=INTEGER},
            task_type   = #{taskType,jdbcType=VARCHAR},
            add_time    = #{addTime,jdbcType=TIMESTAMP},
            update_time = #{updateTime,jdbcType=TIMESTAMP},
            deleted     = #{deleted,jdbcType=BIT},
            idname      = #{idname,jdbcType=VARCHAR}
        where id = #{id,jdbcType=INTEGER}
    </update>
    <select id="selectOneByExample" parameterType="com.fengshen.db.domain.example.NpcDialogueExample"
            resultMap="BaseResultMap">
        <!--
          WARNING - @mbg.generated
          This element is automatically generated by MyBatis Generator, do not modify.
          @project https://github.com/itfsw/mybatis-generator-plugin
        -->
        select
        <include refid="Base_Column_List"/>
        from npc_dialogue
        <if test="_parameter != null">
            <include refid="Example_Where_Clause"/>
        </if>
        <if test="orderByClause != null">
            order by ${orderByClause}
        </if>
        limit 1
    </select>
    <select id="selectOneByExampleSelective" parameterType="map" resultMap="BaseResultMap">
        <!--
          WARNING - @mbg.generated
          This element is automatically generated by MyBatis Generator, do not modify.
          @project https://github.com/itfsw/mybatis-generator-plugin
        -->
        select
        <choose>
            <when test="selective != null and selective.length > 0">
                <foreach collection="selective" item="column" separator=",">
                    ${column.escapedColumnName}
                </foreach>
            </when>
            <otherwise>
                id, `name`, portranit, pic_no, content, isconmlete, isincombat, palytime, task_type,
                add_time, update_time, deleted, idname
            </otherwise>
        </choose>
        from npc_dialogue
        <if test="_parameter != null">
            <include refid="Update_By_Example_Where_Clause"/>
        </if>
        <if test="example.orderByClause != null">
            order by ${example.orderByClause}
        </if>
        limit 1
    </select>
    <update id="logicalDeleteByExample" parameterType="map">
        <!--
          WARNING - @mbg.generated
          This element is automatically generated by MyBatis Generator, do not modify.
          @project https://github.com/itfsw/mybatis-generator-plugin
        -->
        update npc_dialogue set deleted = 1
        <if test="_parameter != null">
            <include refid="Update_By_Example_Where_Clause"/>
        </if>
    </update>
    <update id="logicalDeleteByPrimaryKey" parameterType="java.lang.Integer">
        <!--
          WARNING - @mbg.generated
          This element is automatically generated by MyBatis Generator, do not modify.
          @project https://github.com/itfsw/mybatis-generator-plugin
        -->
        update npc_dialogue set deleted = 1
        where id = #{id,jdbcType=INTEGER}
    </update>
</mapper>