<?xml version="1.0" encoding="UTF-8"?>
<!DOCTYPE mapper PUBLIC "-//mybatis.org//DTD Mapper 3.0//EN" "http://mybatis.org/dtd/mybatis-3-mapper.dtd">
<mapper namespace="com.fengshen.db.dao.NpcPointMapper">
    <resultMap id="BaseResultMap" type="com.fengshen.db.domain.NpcPoint">
        <id column="id" jdbcType="INTEGER" property="id"/>
        <result column="mapname" jdbcType="VARCHAR" property="mapname"/>
        <result column="doorname" jdbcType="VARCHAR" property="doorname"/>
        <result column="x" jdbcType="INTEGER" property="x"/>
        <result column="y" jdbcType="INTEGER" property="y"/>
        <result column="z" jdbcType="INTEGER" property="z"/>
        <result column="inx" jdbcType="INTEGER" property="inx"/>
        <result column="iny" jdbcType="INTEGER" property="iny"/>
        <result column="add_time" jdbcType="TIMESTAMP" property="addTime"/>
        <result column="update_time" jdbcType="TIMESTAMP" property="updateTime"/>
        <result column="deleted" jdbcType="BIT" property="deleted"/>
    </resultMap>
    <sql id="Example_Where_Clause">
        <where>
            <foreach collection="oredCriteria" item="criteria" separator="or">
                <if test="criteria.valid">
                    <trim prefix="(" prefixOverrides="and" suffix=")">
                        <foreach collection="criteria.criteria" item="criterion">
                            <choose>
                                <when test="criterion.noValue">
                                    and ${criterion.condition}
                                </when>
                                <when test="criterion.singleValue">
                                    and ${criterion.condition} #{criterion.value}
                                </when>
                                <when test="criterion.betweenValue">
                                    and ${criterion.condition} #{criterion.value} and #{criterion.secondValue}
                                </when>
                                <when test="criterion.listValue">
                                    and ${criterion.condition}
                                    <foreach close=")" collection="criterion.value" item="listItem" open="("
                                             separator=",">
                                        #{listItem}
                                    </foreach>
                                </when>
                            </choose>
                        </foreach>
                    </trim>
                </if>
            </foreach>
        </where>
    </sql>
    <sql id="Update_By_Example_Where_Clause">
        <where>
            <foreach collection="example.oredCriteria" item="criteria" separator="or">
                <if test="criteria.valid">
                    <trim prefix="(" prefixOverrides="and" suffix=")">
                        <foreach collection="criteria.criteria" item="criterion">
                            <choose>
                                <when test="criterion.noValue">
                                    and ${criterion.condition}
                                </when>
                                <when test="criterion.singleValue">
                                    and ${criterion.condition} #{criterion.value}
                                </when>
                                <when test="criterion.betweenValue">
                                    and ${criterion.condition} #{criterion.value} and #{criterion.secondValue}
                                </when>
                                <when test="criterion.listValue">
                                    and ${criterion.condition}
                                    <foreach close=")" collection="criterion.value" item="listItem" open="("
                                             separator=",">
                                        #{listItem}
                                    </foreach>
                                </when>
                            </choose>
                        </foreach>
                    </trim>
                </if>
            </foreach>
        </where>
    </sql>
    <sql id="Base_Column_List">
        id
        , mapname, doorname, x, y, z, inx, iny, add_time, update_time, deleted
    </sql>
    <select id="selectByExample" parameterType="com.fengshen.db.domain.example.NpcPointExample"
            resultMap="BaseResultMap">
        select
        <if test="distinct">
            distinct
        </if>
        <include refid="Base_Column_List"/>
        from npc_point
        <if test="_parameter != null">
            <include refid="Example_Where_Clause"/>
        </if>
        <if test="orderByClause != null">
            order by ${orderByClause}
        </if>
    </select>
    <select id="selectByExampleSelective" parameterType="map" resultMap="BaseResultMap">
        <!--
          WARNING - @mbg.generated
          This element is automatically generated by MyBatis Generator, do not modify.
          @project https://github.com/itfsw/mybatis-generator-plugin
        -->
        select
        <if test="example.distinct">
            distinct
        </if>
        <choose>
            <when test="selective != null and selective.length > 0">
                <foreach collection="selective" item="column" separator=",">
                    ${column.escapedColumnName}
                </foreach>
            </when>
            <otherwise>
                id, mapname, doorname, x, y, z, inx, iny, add_time, update_time, deleted
            </otherwise>
        </choose>
        from npc_point
        <if test="_parameter != null">
            <include refid="Update_By_Example_Where_Clause"/>
        </if>
        <if test="example.orderByClause != null">
            order by ${example.orderByClause}
        </if>
    </select>
    <select id="selectByPrimaryKey" parameterType="java.lang.Integer" resultMap="BaseResultMap">
        select
        <include refid="Base_Column_List"/>
        from npc_point
        where id = #{id,jdbcType=INTEGER}
    </select>
    <select id="selectByPrimaryKeyWithLogicalDelete" parameterType="map" resultMap="BaseResultMap">
        <!--
          WARNING - @mbg.generated
          This element is automatically generated by MyBatis Generator, do not modify.
          @project https://github.com/itfsw/mybatis-generator-plugin
        -->
        select
        <include refid="Base_Column_List"/>
        from npc_point
        where id = #{id,jdbcType=INTEGER}
        and deleted =
        <choose>
            <when test="andLogicalDeleted">
                1
            </when>
            <otherwise>
                0
            </otherwise>
        </choose>
    </select>
    <select id="selectByPrimaryKeySelective" parameterType="map" resultMap="BaseResultMap">
        <!--
          WARNING - @mbg.generated
          This element is automatically generated by MyBatis Generator, do not modify.
          @project https://github.com/itfsw/mybatis-generator-plugin
        -->
        select
        <choose>
            <when test="selective != null and selective.length > 0">
                <foreach collection="selective" item="column" separator=",">
                    ${column.escapedColumnName}
                </foreach>
            </when>
            <otherwise>
                id, mapname, doorname, x, y, z, inx, iny, add_time, update_time, deleted
            </otherwise>
        </choose>
        from npc_point
        where id = #{id,jdbcType=INTEGER}
    </select>
    <delete id="deleteByPrimaryKey" parameterType="java.lang.Integer">
        delete
        from npc_point
        where id = #{id,jdbcType=INTEGER}
    </delete>
    <delete id="deleteByExample" parameterType="com.fengshen.db.domain.example.NpcPointExample">
        delete from npc_point
        <if test="_parameter != null">
            <include refid="Example_Where_Clause"/>
        </if>
    </delete>
    <insert id="insert" parameterType="com.fengshen.db.domain.NpcPoint">
        <selectKey keyProperty="id" order="AFTER" resultType="java.lang.Integer">
            SELECT LAST_INSERT_ID()
        </selectKey>
        insert into npc_point (mapname, doorname, x,
        y, z, inx, iny,
        add_time, update_time, deleted
        )
        values (#{mapname,jdbcType=VARCHAR}, #{doorname,jdbcType=VARCHAR}, #{x,jdbcType=INTEGER},
        #{y,jdbcType=INTEGER}, #{z,jdbcType=INTEGER}, #{inx,jdbcType=INTEGER}, #{iny,jdbcType=INTEGER},
        #{addTime,jdbcType=TIMESTAMP}, #{updateTime,jdbcType=TIMESTAMP}, #{deleted,jdbcType=BIT}
        )
    </insert>
    <insert id="insertSelective" parameterType="com.fengshen.db.domain.NpcPoint">
        <selectKey keyProperty="id" order="AFTER" resultType="java.lang.Integer">
            SELECT LAST_INSERT_ID()
        </selectKey>
        insert into npc_point
        <trim prefix="(" suffix=")" suffixOverrides=",">
            <if test="mapname != null">
                mapname,
            </if>
            <if test="doorname != null">
                doorname,
            </if>
            <if test="x != null">
                x,
            </if>
            <if test="y != null">
                y,
            </if>
            <if test="z != null">
                z,
            </if>
            <if test="inx != null">
                inx,
            </if>
            <if test="iny != null">
                iny,
            </if>
            <if test="addTime != null">
                add_time,
            </if>
            <if test="updateTime != null">
                update_time,
            </if>
            <if test="deleted != null">
                deleted,
            </if>
        </trim>
        <trim prefix="values (" suffix=")" suffixOverrides=",">
            <if test="mapname != null">
                #{mapname,jdbcType=VARCHAR},
            </if>
            <if test="doorname != null">
                #{doorname,jdbcType=VARCHAR},
            </if>
            <if test="x != null">
                #{x,jdbcType=INTEGER},
            </if>
            <if test="y != null">
                #{y,jdbcType=INTEGER},
            </if>
            <if test="z != null">
                #{z,jdbcType=INTEGER},
            </if>
            <if test="inx != null">
                #{inx,jdbcType=INTEGER},
            </if>
            <if test="iny != null">
                #{iny,jdbcType=INTEGER},
            </if>
            <if test="addTime != null">
                #{addTime,jdbcType=TIMESTAMP},
            </if>
            <if test="updateTime != null">
                #{updateTime,jdbcType=TIMESTAMP},
            </if>
            <if test="deleted != null">
                #{deleted,jdbcType=BIT},
            </if>
        </trim>
    </insert>
    <select id="countByExample" parameterType="com.fengshen.db.domain.example.NpcPointExample"
            resultType="java.lang.Long">
        select count(*) from npc_point
        <if test="_parameter != null">
            <include refid="Example_Where_Clause"/>
        </if>
    </select>
    <update id="updateByExampleSelective" parameterType="map">
        update npc_point
        <set>
            <if test="record.id != null">
                id = #{record.id,jdbcType=INTEGER},
            </if>
            <if test="record.mapname != null">
                mapname = #{record.mapname,jdbcType=VARCHAR},
            </if>
            <if test="record.doorname != null">
                doorname = #{record.doorname,jdbcType=VARCHAR},
            </if>
            <if test="record.x != null">
                x = #{record.x,jdbcType=INTEGER},
            </if>
            <if test="record.y != null">
                y = #{record.y,jdbcType=INTEGER},
            </if>
            <if test="record.z != null">
                z = #{record.z,jdbcType=INTEGER},
            </if>
            <if test="record.inx != null">
                inx = #{record.inx,jdbcType=INTEGER},
            </if>
            <if test="record.iny != null">
                iny = #{record.iny,jdbcType=INTEGER},
            </if>
            <if test="record.addTime != null">
                add_time = #{record.addTime,jdbcType=TIMESTAMP},
            </if>
            <if test="record.updateTime != null">
                update_time = #{record.updateTime,jdbcType=TIMESTAMP},
            </if>
            <if test="record.deleted != null">
                deleted = #{record.deleted,jdbcType=BIT},
            </if>
        </set>
        <if test="_parameter != null">
            <include refid="Update_By_Example_Where_Clause"/>
        </if>
    </update>
    <update id="updateByExample" parameterType="map">
        update npc_point
        set id = #{record.id,jdbcType=INTEGER},
        mapname = #{record.mapname,jdbcType=VARCHAR},
        doorname = #{record.doorname,jdbcType=VARCHAR},
        x = #{record.x,jdbcType=INTEGER},
        y = #{record.y,jdbcType=INTEGER},
        z = #{record.z,jdbcType=INTEGER},
        inx = #{record.inx,jdbcType=INTEGER},
        iny = #{record.iny,jdbcType=INTEGER},
        add_time = #{record.addTime,jdbcType=TIMESTAMP},
        update_time = #{record.updateTime,jdbcType=TIMESTAMP},
        deleted = #{record.deleted,jdbcType=BIT}
        <if test="_parameter != null">
            <include refid="Update_By_Example_Where_Clause"/>
        </if>
    </update>
    <update id="updateByPrimaryKeySelective" parameterType="com.fengshen.db.domain.NpcPoint">
        update npc_point
        <set>
            <if test="mapname != null">
                mapname = #{mapname,jdbcType=VARCHAR},
            </if>
            <if test="doorname != null">
                doorname = #{doorname,jdbcType=VARCHAR},
            </if>
            <if test="x != null">
                x = #{x,jdbcType=INTEGER},
            </if>
            <if test="y != null">
                y = #{y,jdbcType=INTEGER},
            </if>
            <if test="z != null">
                z = #{z,jdbcType=INTEGER},
            </if>
            <if test="inx != null">
                inx = #{inx,jdbcType=INTEGER},
            </if>
            <if test="iny != null">
                iny = #{iny,jdbcType=INTEGER},
            </if>
            <if test="addTime != null">
                add_time = #{addTime,jdbcType=TIMESTAMP},
            </if>
            <if test="updateTime != null">
                update_time = #{updateTime,jdbcType=TIMESTAMP},
            </if>
            <if test="deleted != null">
                deleted = #{deleted,jdbcType=BIT},
            </if>
        </set>
        where id = #{id,jdbcType=INTEGER}
    </update>
    <update id="updateByPrimaryKey" parameterType="com.fengshen.db.domain.NpcPoint">
        update npc_point
        set mapname     = #{mapname,jdbcType=VARCHAR},
            doorname    = #{doorname,jdbcType=VARCHAR},
            x           = #{x,jdbcType=INTEGER},
            y           = #{y,jdbcType=INTEGER},
            z           = #{z,jdbcType=INTEGER},
            inx         = #{inx,jdbcType=INTEGER},
            iny         = #{iny,jdbcType=INTEGER},
            add_time    = #{addTime,jdbcType=TIMESTAMP},
            update_time = #{updateTime,jdbcType=TIMESTAMP},
            deleted     = #{deleted,jdbcType=BIT}
        where id = #{id,jdbcType=INTEGER}
    </update>
    <select id="selectOneByExample" parameterType="com.fengshen.db.domain.example.NpcPointExample"
            resultMap="BaseResultMap">
        <!--
          WARNING - @mbg.generated
          This element is automatically generated by MyBatis Generator, do not modify.
          @project https://github.com/itfsw/mybatis-generator-plugin
        -->
        select
        <include refid="Base_Column_List"/>
        from npc_point
        <if test="_parameter != null">
            <include refid="Example_Where_Clause"/>
        </if>
        <if test="orderByClause != null">
            order by ${orderByClause}
        </if>
        limit 1
    </select>
    <select id="selectOneByExampleSelective" parameterType="map" resultMap="BaseResultMap">
        <!--
          WARNING - @mbg.generated
          This element is automatically generated by MyBatis Generator, do not modify.
          @project https://github.com/itfsw/mybatis-generator-plugin
        -->
        select
        <choose>
            <when test="selective != null and selective.length > 0">
                <foreach collection="selective" item="column" separator=",">
                    ${column.escapedColumnName}
                </foreach>
            </when>
            <otherwise>
                id, mapname, doorname, x, y, z, inx, iny, add_time, update_time, deleted
            </otherwise>
        </choose>
        from npc_point
        <if test="_parameter != null">
            <include refid="Update_By_Example_Where_Clause"/>
        </if>
        <if test="example.orderByClause != null">
            order by ${example.orderByClause}
        </if>
        limit 1
    </select>
    <update id="logicalDeleteByExample" parameterType="map">
        <!--
          WARNING - @mbg.generated
          This element is automatically generated by MyBatis Generator, do not modify.
          @project https://github.com/itfsw/mybatis-generator-plugin
        -->
        update npc_point set deleted = 1
        <if test="_parameter != null">
            <include refid="Update_By_Example_Where_Clause"/>
        </if>
    </update>
    <update id="logicalDeleteByPrimaryKey" parameterType="java.lang.Integer">
        <!--
          WARNING - @mbg.generated
          This element is automatically generated by MyBatis Generator, do not modify.
          @project https://github.com/itfsw/mybatis-generator-plugin
        -->
        update npc_point set deleted = 1
        where id = #{id,jdbcType=INTEGER}
    </update>
</mapper>