<?xml version="1.0" encoding="UTF-8"?>
<!DOCTYPE mapper PUBLIC "-//mybatis.org//DTD Mapper 3.0//EN" "http://mybatis.org/dtd/mybatis-3-mapper.dtd">
<mapper namespace="com.fengshen.db.dao.PackModificationMapper">
    <resultMap id="BaseResultMap" type="com.fengshen.db.domain.PackModification">
        <id column="id" jdbcType="INTEGER" property="id"/>
        <result column="alias" jdbcType="VARCHAR" property="alias"/>
        <result column="fasion_type" jdbcType="VARCHAR" property="fasionType"/>
        <result column="str" jdbcType="VARCHAR" property="str"/>
        <result column="type" jdbcType="VARCHAR" property="type"/>
        <result column="food_num" jdbcType="INTEGER" property="foodNum"/>
        <result column="goods_price" jdbcType="INTEGER" property="goodsPrice"/>
        <result column="sex" jdbcType="INTEGER" property="sex"/>
        <result column="position" jdbcType="INTEGER" property="position"/>
        <result column="category" jdbcType="INTEGER" property="category"/>
        <result column="add_time" jdbcType="TIMESTAMP" property="addTime"/>
        <result column="update_time" jdbcType="TIMESTAMP" property="updateTime"/>
        <result column="deleted" jdbcType="BIT" property="deleted"/>
    </resultMap>
    <sql id="Example_Where_Clause">
        <where>
            <foreach collection="oredCriteria" item="criteria" separator="or">
                <if test="criteria.valid">
                    <trim prefix="(" prefixOverrides="and" suffix=")">
                        <foreach collection="criteria.criteria" item="criterion">
                            <choose>
                                <when test="criterion.noValue">
                                    and ${criterion.condition}
                                </when>
                                <when test="criterion.singleValue">
                                    and ${criterion.condition} #{criterion.value}
                                </when>
                                <when test="criterion.betweenValue">
                                    and ${criterion.condition} #{criterion.value} and #{criterion.secondValue}
                                </when>
                                <when test="criterion.listValue">
                                    and ${criterion.condition}
                                    <foreach close=")" collection="criterion.value" item="listItem" open="("
                                             separator=",">
                                        #{listItem}
                                    </foreach>
                                </when>
                            </choose>
                        </foreach>
                    </trim>
                </if>
            </foreach>
        </where>
    </sql>
    <sql id="Update_By_Example_Where_Clause">
        <where>
            <foreach collection="example.oredCriteria" item="criteria" separator="or">
                <if test="criteria.valid">
                    <trim prefix="(" prefixOverrides="and" suffix=")">
                        <foreach collection="criteria.criteria" item="criterion">
                            <choose>
                                <when test="criterion.noValue">
                                    and ${criterion.condition}
                                </when>
                                <when test="criterion.singleValue">
                                    and ${criterion.condition} #{criterion.value}
                                </when>
                                <when test="criterion.betweenValue">
                                    and ${criterion.condition} #{criterion.value} and #{criterion.secondValue}
                                </when>
                                <when test="criterion.listValue">
                                    and ${criterion.condition}
                                    <foreach close=")" collection="criterion.value" item="listItem" open="("
                                             separator=",">
                                        #{listItem}
                                    </foreach>
                                </when>
                            </choose>
                        </foreach>
                    </trim>
                </if>
            </foreach>
        </where>
    </sql>
    <sql id="Base_Column_List">
        id
        , `alias`, fasion_type, str, `type`, food_num, goods_price, sex, `position`, category,
    add_time, update_time, deleted
    </sql>
    <select id="selectByExample" parameterType="com.fengshen.db.domain.example.PackModificationExample"
            resultMap="BaseResultMap">
        select
        <if test="distinct">
            distinct
        </if>
        <include refid="Base_Column_List"/>
        from pack_modification
        <if test="_parameter != null">
            <include refid="Example_Where_Clause"/>
        </if>
        <if test="orderByClause != null">
            order by ${orderByClause}
        </if>
    </select>
    <select id="selectByExampleSelective" parameterType="map" resultMap="BaseResultMap">
        <!--
          WARNING - @mbg.generated
          This element is automatically generated by MyBatis Generator, do not modify.
          @project https://github.com/itfsw/mybatis-generator-plugin
        -->
        select
        <if test="example.distinct">
            distinct
        </if>
        <choose>
            <when test="selective != null and selective.length > 0">
                <foreach collection="selective" item="column" separator=",">
                    ${column.escapedColumnName}
                </foreach>
            </when>
            <otherwise>
                id, `alias`, fasion_type, str, `type`, food_num, goods_price, sex, `position`, category,
                add_time, update_time, deleted
            </otherwise>
        </choose>
        from pack_modification
        <if test="_parameter != null">
            <include refid="Update_By_Example_Where_Clause"/>
        </if>
        <if test="example.orderByClause != null">
            order by ${example.orderByClause}
        </if>
    </select>
    <select id="selectByPrimaryKey" parameterType="java.lang.Integer" resultMap="BaseResultMap">
        select
        <include refid="Base_Column_List"/>
        from pack_modification
        where id = #{id,jdbcType=INTEGER}
    </select>
    <select id="selectByPrimaryKeyWithLogicalDelete" parameterType="map" resultMap="BaseResultMap">
        <!--
          WARNING - @mbg.generated
          This element is automatically generated by MyBatis Generator, do not modify.
          @project https://github.com/itfsw/mybatis-generator-plugin
        -->
        select
        <include refid="Base_Column_List"/>
        from pack_modification
        where id = #{id,jdbcType=INTEGER}
        and deleted =
        <choose>
            <when test="andLogicalDeleted">
                1
            </when>
            <otherwise>
                0
            </otherwise>
        </choose>
    </select>
    <select id="selectByPrimaryKeySelective" parameterType="map" resultMap="BaseResultMap">
        <!--
          WARNING - @mbg.generated
          This element is automatically generated by MyBatis Generator, do not modify.
          @project https://github.com/itfsw/mybatis-generator-plugin
        -->
        select
        <choose>
            <when test="selective != null and selective.length > 0">
                <foreach collection="selective" item="column" separator=",">
                    ${column.escapedColumnName}
                </foreach>
            </when>
            <otherwise>
                id, `alias`, fasion_type, str, `type`, food_num, goods_price, sex, `position`, category,
                add_time, update_time, deleted
            </otherwise>
        </choose>
        from pack_modification
        where id = #{id,jdbcType=INTEGER}
    </select>
    <delete id="deleteByPrimaryKey" parameterType="java.lang.Integer">
        delete
        from pack_modification
        where id = #{id,jdbcType=INTEGER}
    </delete>
    <delete id="deleteByExample" parameterType="com.fengshen.db.domain.example.PackModificationExample">
        delete from pack_modification
        <if test="_parameter != null">
            <include refid="Example_Where_Clause"/>
        </if>
    </delete>
    <insert id="insert" parameterType="com.fengshen.db.domain.PackModification">
        <selectKey keyProperty="id" order="AFTER" resultType="java.lang.Integer">
            SELECT LAST_INSERT_ID()
        </selectKey>
        insert into pack_modification (`alias`, fasion_type, str,
        `type`, food_num, goods_price,
        sex, `position`, category,
        add_time, update_time, deleted
        )
        values (#{alias,jdbcType=VARCHAR}, #{fasionType,jdbcType=VARCHAR}, #{str,jdbcType=VARCHAR},
        #{type,jdbcType=VARCHAR}, #{foodNum,jdbcType=INTEGER}, #{goodsPrice,jdbcType=INTEGER},
        #{sex,jdbcType=INTEGER}, #{position,jdbcType=INTEGER}, #{category,jdbcType=INTEGER},
        #{addTime,jdbcType=TIMESTAMP}, #{updateTime,jdbcType=TIMESTAMP}, #{deleted,jdbcType=BIT}
        )
    </insert>
    <insert id="insertSelective" parameterType="com.fengshen.db.domain.PackModification">
        <selectKey keyProperty="id" order="AFTER" resultType="java.lang.Integer">
            SELECT LAST_INSERT_ID()
        </selectKey>
        insert into pack_modification
        <trim prefix="(" suffix=")" suffixOverrides=",">
            <if test="alias != null">
                `alias`,
            </if>
            <if test="fasionType != null">
                fasion_type,
            </if>
            <if test="str != null">
                str,
            </if>
            <if test="type != null">
                `type`,
            </if>
            <if test="foodNum != null">
                food_num,
            </if>
            <if test="goodsPrice != null">
                goods_price,
            </if>
            <if test="sex != null">
                sex,
            </if>
            <if test="position != null">
                `position`,
            </if>
            <if test="category != null">
                category,
            </if>
            <if test="addTime != null">
                add_time,
            </if>
            <if test="updateTime != null">
                update_time,
            </if>
            <if test="deleted != null">
                deleted,
            </if>
        </trim>
        <trim prefix="values (" suffix=")" suffixOverrides=",">
            <if test="alias != null">
                #{alias,jdbcType=VARCHAR},
            </if>
            <if test="fasionType != null">
                #{fasionType,jdbcType=VARCHAR},
            </if>
            <if test="str != null">
                #{str,jdbcType=VARCHAR},
            </if>
            <if test="type != null">
                #{type,jdbcType=VARCHAR},
            </if>
            <if test="foodNum != null">
                #{foodNum,jdbcType=INTEGER},
            </if>
            <if test="goodsPrice != null">
                #{goodsPrice,jdbcType=INTEGER},
            </if>
            <if test="sex != null">
                #{sex,jdbcType=INTEGER},
            </if>
            <if test="position != null">
                #{position,jdbcType=INTEGER},
            </if>
            <if test="category != null">
                #{category,jdbcType=INTEGER},
            </if>
            <if test="addTime != null">
                #{addTime,jdbcType=TIMESTAMP},
            </if>
            <if test="updateTime != null">
                #{updateTime,jdbcType=TIMESTAMP},
            </if>
            <if test="deleted != null">
                #{deleted,jdbcType=BIT},
            </if>
        </trim>
    </insert>
    <select id="countByExample" parameterType="com.fengshen.db.domain.example.PackModificationExample"
            resultType="java.lang.Long">
        select count(*) from pack_modification
        <if test="_parameter != null">
            <include refid="Example_Where_Clause"/>
        </if>
    </select>
    <update id="updateByExampleSelective" parameterType="map">
        update pack_modification
        <set>
            <if test="record.id != null">
                id = #{record.id,jdbcType=INTEGER},
            </if>
            <if test="record.alias != null">
                `alias` = #{record.alias,jdbcType=VARCHAR},
            </if>
            <if test="record.fasionType != null">
                fasion_type = #{record.fasionType,jdbcType=VARCHAR},
            </if>
            <if test="record.str != null">
                str = #{record.str,jdbcType=VARCHAR},
            </if>
            <if test="record.type != null">
                `type` = #{record.type,jdbcType=VARCHAR},
            </if>
            <if test="record.foodNum != null">
                food_num = #{record.foodNum,jdbcType=INTEGER},
            </if>
            <if test="record.goodsPrice != null">
                goods_price = #{record.goodsPrice,jdbcType=INTEGER},
            </if>
            <if test="record.sex != null">
                sex = #{record.sex,jdbcType=INTEGER},
            </if>
            <if test="record.position != null">
                `position` = #{record.position,jdbcType=INTEGER},
            </if>
            <if test="record.category != null">
                category = #{record.category,jdbcType=INTEGER},
            </if>
            <if test="record.addTime != null">
                add_time = #{record.addTime,jdbcType=TIMESTAMP},
            </if>
            <if test="record.updateTime != null">
                update_time = #{record.updateTime,jdbcType=TIMESTAMP},
            </if>
            <if test="record.deleted != null">
                deleted = #{record.deleted,jdbcType=BIT},
            </if>
        </set>
        <if test="_parameter != null">
            <include refid="Update_By_Example_Where_Clause"/>
        </if>
    </update>
    <update id="updateByExample" parameterType="map">
        update pack_modification
        set id = #{record.id,jdbcType=INTEGER},
        `alias` = #{record.alias,jdbcType=VARCHAR},
        fasion_type = #{record.fasionType,jdbcType=VARCHAR},
        str = #{record.str,jdbcType=VARCHAR},
        `type` = #{record.type,jdbcType=VARCHAR},
        food_num = #{record.foodNum,jdbcType=INTEGER},
        goods_price = #{record.goodsPrice,jdbcType=INTEGER},
        sex = #{record.sex,jdbcType=INTEGER},
        `position` = #{record.position,jdbcType=INTEGER},
        category = #{record.category,jdbcType=INTEGER},
        add_time = #{record.addTime,jdbcType=TIMESTAMP},
        update_time = #{record.updateTime,jdbcType=TIMESTAMP},
        deleted = #{record.deleted,jdbcType=BIT}
        <if test="_parameter != null">
            <include refid="Update_By_Example_Where_Clause"/>
        </if>
    </update>
    <update id="updateByPrimaryKeySelective" parameterType="com.fengshen.db.domain.PackModification">
        update pack_modification
        <set>
            <if test="alias != null">
                `alias` = #{alias,jdbcType=VARCHAR},
            </if>
            <if test="fasionType != null">
                fasion_type = #{fasionType,jdbcType=VARCHAR},
            </if>
            <if test="str != null">
                str = #{str,jdbcType=VARCHAR},
            </if>
            <if test="type != null">
                `type` = #{type,jdbcType=VARCHAR},
            </if>
            <if test="foodNum != null">
                food_num = #{foodNum,jdbcType=INTEGER},
            </if>
            <if test="goodsPrice != null">
                goods_price = #{goodsPrice,jdbcType=INTEGER},
            </if>
            <if test="sex != null">
                sex = #{sex,jdbcType=INTEGER},
            </if>
            <if test="position != null">
                `position` = #{position,jdbcType=INTEGER},
            </if>
            <if test="category != null">
                category = #{category,jdbcType=INTEGER},
            </if>
            <if test="addTime != null">
                add_time = #{addTime,jdbcType=TIMESTAMP},
            </if>
            <if test="updateTime != null">
                update_time = #{updateTime,jdbcType=TIMESTAMP},
            </if>
            <if test="deleted != null">
                deleted = #{deleted,jdbcType=BIT},
            </if>
        </set>
        where id = #{id,jdbcType=INTEGER}
    </update>
    <update id="updateByPrimaryKey" parameterType="com.fengshen.db.domain.PackModification">
        update pack_modification
        set `alias`     = #{alias,jdbcType=VARCHAR},
            fasion_type = #{fasionType,jdbcType=VARCHAR},
            str         = #{str,jdbcType=VARCHAR},
            `type`      = #{type,jdbcType=VARCHAR},
            food_num    = #{foodNum,jdbcType=INTEGER},
            goods_price = #{goodsPrice,jdbcType=INTEGER},
            sex         = #{sex,jdbcType=INTEGER},
            `position`  = #{position,jdbcType=INTEGER},
            category    = #{category,jdbcType=INTEGER},
            add_time    = #{addTime,jdbcType=TIMESTAMP},
            update_time = #{updateTime,jdbcType=TIMESTAMP},
            deleted     = #{deleted,jdbcType=BIT}
        where id = #{id,jdbcType=INTEGER}
    </update>
    <select id="selectOneByExample" parameterType="com.fengshen.db.domain.example.PackModificationExample"
            resultMap="BaseResultMap">
        <!--
          WARNING - @mbg.generated
          This element is automatically generated by MyBatis Generator, do not modify.
          @project https://github.com/itfsw/mybatis-generator-plugin
        -->
        select
        <include refid="Base_Column_List"/>
        from pack_modification
        <if test="_parameter != null">
            <include refid="Example_Where_Clause"/>
        </if>
        <if test="orderByClause != null">
            order by ${orderByClause}
        </if>
        limit 1
    </select>
    <select id="selectOneByExampleSelective" parameterType="map" resultMap="BaseResultMap">
        <!--
          WARNING - @mbg.generated
          This element is automatically generated by MyBatis Generator, do not modify.
          @project https://github.com/itfsw/mybatis-generator-plugin
        -->
        select
        <choose>
            <when test="selective != null and selective.length > 0">
                <foreach collection="selective" item="column" separator=",">
                    ${column.escapedColumnName}
                </foreach>
            </when>
            <otherwise>
                id, `alias`, fasion_type, str, `type`, food_num, goods_price, sex, `position`, category,
                add_time, update_time, deleted
            </otherwise>
        </choose>
        from pack_modification
        <if test="_parameter != null">
            <include refid="Update_By_Example_Where_Clause"/>
        </if>
        <if test="example.orderByClause != null">
            order by ${example.orderByClause}
        </if>
        limit 1
    </select>
    <update id="logicalDeleteByExample" parameterType="map">
        <!--
          WARNING - @mbg.generated
          This element is automatically generated by MyBatis Generator, do not modify.
          @project https://github.com/itfsw/mybatis-generator-plugin
        -->
        update pack_modification set deleted = 1
        <if test="_parameter != null">
            <include refid="Update_By_Example_Where_Clause"/>
        </if>
    </update>
    <update id="logicalDeleteByPrimaryKey" parameterType="java.lang.Integer">
        <!--
          WARNING - @mbg.generated
          This element is automatically generated by MyBatis Generator, do not modify.
          @project https://github.com/itfsw/mybatis-generator-plugin
        -->
        update pack_modification set deleted = 1
        where id = #{id,jdbcType=INTEGER}
    </update>
</mapper>