<?xml version="1.0" encoding="UTF-8"?>
<!DOCTYPE mapper PUBLIC "-//mybatis.org//DTD Mapper 3.0//EN" "http://mybatis.org/dtd/mybatis-3-mapper.dtd">
<mapper namespace="com.fengshen.db.dao.PetHelpTypeMapper">
    <resultMap id="BaseResultMap" type="com.fengshen.db.domain.PetHelpType">
        <id column="id" jdbcType="INTEGER" property="id"/>
        <result column="type" jdbcType="INTEGER" property="type"/>
        <result column="name" jdbcType="VARCHAR" property="name"/>
        <result column="add_time" jdbcType="TIMESTAMP" property="addTime"/>
        <result column="update_time" jdbcType="TIMESTAMP" property="updateTime"/>
        <result column="deleted" jdbcType="BIT" property="deleted"/>
        <result column="quality" jdbcType="INTEGER" property="quality"/>
        <result column="money" jdbcType="INTEGER" property="money"/>
        <result column="polar" jdbcType="INTEGER" property="polar"/>
    </resultMap>
    <sql id="Example_Where_Clause">
        <where>
            <foreach collection="oredCriteria" item="criteria" separator="or">
                <if test="criteria.valid">
                    <trim prefix="(" prefixOverrides="and" suffix=")">
                        <foreach collection="criteria.criteria" item="criterion">
                            <choose>
                                <when test="criterion.noValue">
                                    and ${criterion.condition}
                                </when>
                                <when test="criterion.singleValue">
                                    and ${criterion.condition} #{criterion.value}
                                </when>
                                <when test="criterion.betweenValue">
                                    and ${criterion.condition} #{criterion.value} and #{criterion.secondValue}
                                </when>
                                <when test="criterion.listValue">
                                    and ${criterion.condition}
                                    <foreach close=")" collection="criterion.value" item="listItem" open="("
                                             separator=",">
                                        #{listItem}
                                    </foreach>
                                </when>
                            </choose>
                        </foreach>
                    </trim>
                </if>
            </foreach>
        </where>
    </sql>
    <sql id="Update_By_Example_Where_Clause">
        <where>
            <foreach collection="example.oredCriteria" item="criteria" separator="or">
                <if test="criteria.valid">
                    <trim prefix="(" prefixOverrides="and" suffix=")">
                        <foreach collection="criteria.criteria" item="criterion">
                            <choose>
                                <when test="criterion.noValue">
                                    and ${criterion.condition}
                                </when>
                                <when test="criterion.singleValue">
                                    and ${criterion.condition} #{criterion.value}
                                </when>
                                <when test="criterion.betweenValue">
                                    and ${criterion.condition} #{criterion.value} and #{criterion.secondValue}
                                </when>
                                <when test="criterion.listValue">
                                    and ${criterion.condition}
                                    <foreach close=")" collection="criterion.value" item="listItem" open="("
                                             separator=",">
                                        #{listItem}
                                    </foreach>
                                </when>
                            </choose>
                        </foreach>
                    </trim>
                </if>
            </foreach>
        </where>
    </sql>
    <sql id="Base_Column_List">
        id
        , `type`, `name`, add_time, update_time, deleted, quality, money, polar
    </sql>
    <select id="selectByExample" parameterType="com.fengshen.db.domain.example.PetHelpTypeExample"
            resultMap="BaseResultMap">
        select
        <if test="distinct">
            distinct
        </if>
        <include refid="Base_Column_List"/>
        from pet_help_type
        <if test="_parameter != null">
            <include refid="Example_Where_Clause"/>
        </if>
        <if test="orderByClause != null">
            order by ${orderByClause}
        </if>
    </select>
    <select id="selectByExampleSelective" parameterType="map" resultMap="BaseResultMap">
        <!--
          WARNING - @mbg.generated
          This element is automatically generated by MyBatis Generator, do not modify.
          @project https://github.com/itfsw/mybatis-generator-plugin
        -->
        select
        <if test="example.distinct">
            distinct
        </if>
        <choose>
            <when test="selective != null and selective.length > 0">
                <foreach collection="selective" item="column" separator=",">
                    ${column.escapedColumnName}
                </foreach>
            </when>
            <otherwise>
                id, `type`, `name`, add_time, update_time, deleted, quality, money, polar
            </otherwise>
        </choose>
        from pet_help_type
        <if test="_parameter != null">
            <include refid="Update_By_Example_Where_Clause"/>
        </if>
        <if test="example.orderByClause != null">
            order by ${example.orderByClause}
        </if>
    </select>
    <select id="selectByPrimaryKey" parameterType="java.lang.Integer" resultMap="BaseResultMap">
        select
        <include refid="Base_Column_List"/>
        from pet_help_type
        where id = #{id,jdbcType=INTEGER}
    </select>
    <select id="selectByPrimaryKeyWithLogicalDelete" parameterType="map" resultMap="BaseResultMap">
        <!--
          WARNING - @mbg.generated
          This element is automatically generated by MyBatis Generator, do not modify.
          @project https://github.com/itfsw/mybatis-generator-plugin
        -->
        select
        <include refid="Base_Column_List"/>
        from pet_help_type
        where id = #{id,jdbcType=INTEGER}
        and deleted =
        <choose>
            <when test="andLogicalDeleted">
                1
            </when>
            <otherwise>
                0
            </otherwise>
        </choose>
    </select>
    <select id="selectByPrimaryKeySelective" parameterType="map" resultMap="BaseResultMap">
        <!--
          WARNING - @mbg.generated
          This element is automatically generated by MyBatis Generator, do not modify.
          @project https://github.com/itfsw/mybatis-generator-plugin
        -->
        select
        <choose>
            <when test="selective != null and selective.length > 0">
                <foreach collection="selective" item="column" separator=",">
                    ${column.escapedColumnName}
                </foreach>
            </when>
            <otherwise>
                id, `type`, `name`, add_time, update_time, deleted, quality, money, polar
            </otherwise>
        </choose>
        from pet_help_type
        where id = #{id,jdbcType=INTEGER}
    </select>
    <delete id="deleteByPrimaryKey" parameterType="java.lang.Integer">
        delete
        from pet_help_type
        where id = #{id,jdbcType=INTEGER}
    </delete>
    <delete id="deleteByExample" parameterType="com.fengshen.db.domain.example.PetHelpTypeExample">
        delete from pet_help_type
        <if test="_parameter != null">
            <include refid="Example_Where_Clause"/>
        </if>
    </delete>
    <insert id="insert" parameterType="com.fengshen.db.domain.PetHelpType">
        <selectKey keyProperty="id" order="AFTER" resultType="java.lang.Integer">
            SELECT LAST_INSERT_ID()
        </selectKey>
        insert into pet_help_type (`type`, `name`, add_time,
        update_time, deleted, quality,
        money, polar)
        values (#{type,jdbcType=INTEGER}, #{name,jdbcType=VARCHAR}, #{addTime,jdbcType=TIMESTAMP},
        #{updateTime,jdbcType=TIMESTAMP}, #{deleted,jdbcType=BIT}, #{quality,jdbcType=INTEGER},
        #{money,jdbcType=INTEGER}, #{polar,jdbcType=INTEGER})
    </insert>
    <insert id="insertSelective" parameterType="com.fengshen.db.domain.PetHelpType">
        <selectKey keyProperty="id" order="AFTER" resultType="java.lang.Integer">
            SELECT LAST_INSERT_ID()
        </selectKey>
        insert into pet_help_type
        <trim prefix="(" suffix=")" suffixOverrides=",">
            <if test="type != null">
                `type`,
            </if>
            <if test="name != null">
                `name`,
            </if>
            <if test="addTime != null">
                add_time,
            </if>
            <if test="updateTime != null">
                update_time,
            </if>
            <if test="deleted != null">
                deleted,
            </if>
            <if test="quality != null">
                quality,
            </if>
            <if test="money != null">
                money,
            </if>
            <if test="polar != null">
                polar,
            </if>
        </trim>
        <trim prefix="values (" suffix=")" suffixOverrides=",">
            <if test="type != null">
                #{type,jdbcType=INTEGER},
            </if>
            <if test="name != null">
                #{name,jdbcType=VARCHAR},
            </if>
            <if test="addTime != null">
                #{addTime,jdbcType=TIMESTAMP},
            </if>
            <if test="updateTime != null">
                #{updateTime,jdbcType=TIMESTAMP},
            </if>
            <if test="deleted != null">
                #{deleted,jdbcType=BIT},
            </if>
            <if test="quality != null">
                #{quality,jdbcType=INTEGER},
            </if>
            <if test="money != null">
                #{money,jdbcType=INTEGER},
            </if>
            <if test="polar != null">
                #{polar,jdbcType=INTEGER},
            </if>
        </trim>
    </insert>
    <select id="countByExample" parameterType="com.fengshen.db.domain.example.PetHelpTypeExample"
            resultType="java.lang.Long">
        select count(*) from pet_help_type
        <if test="_parameter != null">
            <include refid="Example_Where_Clause"/>
        </if>
    </select>
    <update id="updateByExampleSelective" parameterType="map">
        update pet_help_type
        <set>
            <if test="record.id != null">
                id = #{record.id,jdbcType=INTEGER},
            </if>
            <if test="record.type != null">
                `type` = #{record.type,jdbcType=INTEGER},
            </if>
            <if test="record.name != null">
                `name` = #{record.name,jdbcType=VARCHAR},
            </if>
            <if test="record.addTime != null">
                add_time = #{record.addTime,jdbcType=TIMESTAMP},
            </if>
            <if test="record.updateTime != null">
                update_time = #{record.updateTime,jdbcType=TIMESTAMP},
            </if>
            <if test="record.deleted != null">
                deleted = #{record.deleted,jdbcType=BIT},
            </if>
            <if test="record.quality != null">
                quality = #{record.quality,jdbcType=INTEGER},
            </if>
            <if test="record.money != null">
                money = #{record.money,jdbcType=INTEGER},
            </if>
            <if test="record.polar != null">
                polar = #{record.polar,jdbcType=INTEGER},
            </if>
        </set>
        <if test="_parameter != null">
            <include refid="Update_By_Example_Where_Clause"/>
        </if>
    </update>
    <update id="updateByExample" parameterType="map">
        update pet_help_type
        set id = #{record.id,jdbcType=INTEGER},
        `type` = #{record.type,jdbcType=INTEGER},
        `name` = #{record.name,jdbcType=VARCHAR},
        add_time = #{record.addTime,jdbcType=TIMESTAMP},
        update_time = #{record.updateTime,jdbcType=TIMESTAMP},
        deleted = #{record.deleted,jdbcType=BIT},
        quality = #{record.quality,jdbcType=INTEGER},
        money = #{record.money,jdbcType=INTEGER},
        polar = #{record.polar,jdbcType=INTEGER}
        <if test="_parameter != null">
            <include refid="Update_By_Example_Where_Clause"/>
        </if>
    </update>
    <update id="updateByPrimaryKeySelective" parameterType="com.fengshen.db.domain.PetHelpType">
        update pet_help_type
        <set>
            <if test="type != null">
                `type` = #{type,jdbcType=INTEGER},
            </if>
            <if test="name != null">
                `name` = #{name,jdbcType=VARCHAR},
            </if>
            <if test="addTime != null">
                add_time = #{addTime,jdbcType=TIMESTAMP},
            </if>
            <if test="updateTime != null">
                update_time = #{updateTime,jdbcType=TIMESTAMP},
            </if>
            <if test="deleted != null">
                deleted = #{deleted,jdbcType=BIT},
            </if>
            <if test="quality != null">
                quality = #{quality,jdbcType=INTEGER},
            </if>
            <if test="money != null">
                money = #{money,jdbcType=INTEGER},
            </if>
            <if test="polar != null">
                polar = #{polar,jdbcType=INTEGER},
            </if>
        </set>
        where id = #{id,jdbcType=INTEGER}
    </update>
    <update id="updateByPrimaryKey" parameterType="com.fengshen.db.domain.PetHelpType">
        update pet_help_type
        set `type`      = #{type,jdbcType=INTEGER},
            `name`      = #{name,jdbcType=VARCHAR},
            add_time    = #{addTime,jdbcType=TIMESTAMP},
            update_time = #{updateTime,jdbcType=TIMESTAMP},
            deleted     = #{deleted,jdbcType=BIT},
            quality     = #{quality,jdbcType=INTEGER},
            money       = #{money,jdbcType=INTEGER},
            polar       = #{polar,jdbcType=INTEGER}
        where id = #{id,jdbcType=INTEGER}
    </update>
    <select id="selectOneByExample" parameterType="com.fengshen.db.domain.example.PetHelpTypeExample"
            resultMap="BaseResultMap">
        <!--
          WARNING - @mbg.generated
          This element is automatically generated by MyBatis Generator, do not modify.
          @project https://github.com/itfsw/mybatis-generator-plugin
        -->
        select
        <include refid="Base_Column_List"/>
        from pet_help_type
        <if test="_parameter != null">
            <include refid="Example_Where_Clause"/>
        </if>
        <if test="orderByClause != null">
            order by ${orderByClause}
        </if>
        limit 1
    </select>
    <select id="selectOneByExampleSelective" parameterType="map" resultMap="BaseResultMap">
        <!--
          WARNING - @mbg.generated
          This element is automatically generated by MyBatis Generator, do not modify.
          @project https://github.com/itfsw/mybatis-generator-plugin
        -->
        select
        <choose>
            <when test="selective != null and selective.length > 0">
                <foreach collection="selective" item="column" separator=",">
                    ${column.escapedColumnName}
                </foreach>
            </when>
            <otherwise>
                id, `type`, `name`, add_time, update_time, deleted, quality, money, polar
            </otherwise>
        </choose>
        from pet_help_type
        <if test="_parameter != null">
            <include refid="Update_By_Example_Where_Clause"/>
        </if>
        <if test="example.orderByClause != null">
            order by ${example.orderByClause}
        </if>
        limit 1
    </select>
    <update id="logicalDeleteByExample" parameterType="map">
        <!--
          WARNING - @mbg.generated
          This element is automatically generated by MyBatis Generator, do not modify.
          @project https://github.com/itfsw/mybatis-generator-plugin
        -->
        update pet_help_type set deleted = 1
        <if test="_parameter != null">
            <include refid="Update_By_Example_Where_Clause"/>
        </if>
    </update>
    <update id="logicalDeleteByPrimaryKey" parameterType="java.lang.Integer">
        <!--
          WARNING - @mbg.generated
          This element is automatically generated by MyBatis Generator, do not modify.
          @project https://github.com/itfsw/mybatis-generator-plugin
        -->
        update pet_help_type set deleted = 1
        where id = #{id,jdbcType=INTEGER}
    </update>
</mapper>