<?xml version="1.0" encoding="UTF-8"?>
<!DOCTYPE mapper PUBLIC "-//mybatis.org//DTD Mapper 3.0//EN" "http://mybatis.org/dtd/mybatis-3-mapper.dtd">
<mapper namespace="com.fengshen.db.dao.PetsMapper">
    <resultMap id="BaseResultMap" type="com.fengshen.db.domain.Pets">
        <id column="id" jdbcType="INTEGER" property="id"/>
        <result column="ownerid" jdbcType="VARCHAR" property="ownerid"/>
        <result column="petid" jdbcType="VARCHAR" property="petid"/>
        <result column="nickname" jdbcType="VARCHAR" property="nickname"/>
        <result column="name" jdbcType="VARCHAR" property="name"/>
        <result column="horsetype" jdbcType="INTEGER" property="horsetype"/>
        <result column="type" jdbcType="INTEGER" property="type"/>
        <result column="level" jdbcType="INTEGER" property="level"/>
        <result column="liliang" jdbcType="INTEGER" property="liliang"/>
        <result column="minjie" jdbcType="INTEGER" property="minjie"/>
        <result column="lingli" jdbcType="INTEGER" property="lingli"/>
        <result column="tili" jdbcType="INTEGER" property="tili"/>
        <result column="dianhualx" jdbcType="INTEGER" property="dianhualx"/>
        <result column="dianhuazd" jdbcType="INTEGER" property="dianhuazd"/>
        <result column="dianhuazx" jdbcType="INTEGER" property="dianhuazx"/>
        <result column="yuhualx" jdbcType="INTEGER" property="yuhualx"/>
        <result column="yuhuazd" jdbcType="INTEGER" property="yuhuazd"/>
        <result column="yuhuazx" jdbcType="INTEGER" property="yuhuazx"/>
        <result column="cwjyzx" jdbcType="INTEGER" property="cwjyzx"/>
        <result column="cwjyzd" jdbcType="INTEGER" property="cwjyzd"/>
        <result column="feisheng" jdbcType="INTEGER" property="feisheng"/>
        <result column="fsudu" jdbcType="INTEGER" property="fsudu"/>
        <result column="qhcw_wg" jdbcType="INTEGER" property="qhcwWg"/>
        <result column="qhcw_fg" jdbcType="INTEGER" property="qhcwFg"/>
        <result column="cw_xiangxing" jdbcType="INTEGER" property="cwXiangxing"/>
        <result column="cw_wuxue" jdbcType="INTEGER" property="cwWuxue"/>
        <result column="cw_icon" jdbcType="VARCHAR" property="cwIcon"/>
        <result column="cw_xinfa" jdbcType="INTEGER" property="cwXinfa"/>
        <result column="cw_qinmi" jdbcType="INTEGER" property="cwQinmi"/>
        <result column="add_time" jdbcType="TIMESTAMP" property="addTime"/>
        <result column="update_time" jdbcType="TIMESTAMP" property="updateTime"/>
        <result column="deleted" jdbcType="BIT" property="deleted"/>
    </resultMap>
    <sql id="Example_Where_Clause">
        <where>
            <foreach collection="oredCriteria" item="criteria" separator="or">
                <if test="criteria.valid">
                    <trim prefix="(" prefixOverrides="and" suffix=")">
                        <foreach collection="criteria.criteria" item="criterion">
                            <choose>
                                <when test="criterion.noValue">
                                    and ${criterion.condition}
                                </when>
                                <when test="criterion.singleValue">
                                    and ${criterion.condition} #{criterion.value}
                                </when>
                                <when test="criterion.betweenValue">
                                    and ${criterion.condition} #{criterion.value} and #{criterion.secondValue}
                                </when>
                                <when test="criterion.listValue">
                                    and ${criterion.condition}
                                    <foreach close=")" collection="criterion.value" item="listItem" open="("
                                             separator=",">
                                        #{listItem}
                                    </foreach>
                                </when>
                            </choose>
                        </foreach>
                    </trim>
                </if>
            </foreach>
        </where>
    </sql>
    <sql id="Update_By_Example_Where_Clause">
        <where>
            <foreach collection="example.oredCriteria" item="criteria" separator="or">
                <if test="criteria.valid">
                    <trim prefix="(" prefixOverrides="and" suffix=")">
                        <foreach collection="criteria.criteria" item="criterion">
                            <choose>
                                <when test="criterion.noValue">
                                    and ${criterion.condition}
                                </when>
                                <when test="criterion.singleValue">
                                    and ${criterion.condition} #{criterion.value}
                                </when>
                                <when test="criterion.betweenValue">
                                    and ${criterion.condition} #{criterion.value} and #{criterion.secondValue}
                                </when>
                                <when test="criterion.listValue">
                                    and ${criterion.condition}
                                    <foreach close=")" collection="criterion.value" item="listItem" open="("
                                             separator=",">
                                        #{listItem}
                                    </foreach>
                                </when>
                            </choose>
                        </foreach>
                    </trim>
                </if>
            </foreach>
        </where>
    </sql>
    <sql id="Base_Column_List">
        id
        , ownerid, petid, nickname, `name`, horsetype, `type`, `level`, liliang, minjie,
    lingli, tili, dianhualx, dianhuazd, dianhuazx, yuhualx, yuhuazd, yuhuazx, cwjyzx, 
    cwjyzd, feisheng, fsudu, qhcw_wg, qhcw_fg, cw_xiangxing, cw_wuxue, cw_icon, cw_xinfa, 
    cw_qinmi, add_time, update_time, deleted
    </sql>
    <select id="selectByExample" parameterType="com.fengshen.db.domain.example.PetsExample" resultMap="BaseResultMap">
        select
        <if test="distinct">
            distinct
        </if>
        <include refid="Base_Column_List"/>
        from pets
        <if test="_parameter != null">
            <include refid="Example_Where_Clause"/>
        </if>
        <if test="orderByClause != null">
            order by ${orderByClause}
        </if>
    </select>
    <select id="selectByExampleSelective" parameterType="map" resultMap="BaseResultMap">
        <!--
          WARNING - @mbg.generated
          This element is automatically generated by MyBatis Generator, do not modify.
          @project https://github.com/itfsw/mybatis-generator-plugin
        -->
        select
        <if test="example.distinct">
            distinct
        </if>
        <choose>
            <when test="selective != null and selective.length > 0">
                <foreach collection="selective" item="column" separator=",">
                    ${column.escapedColumnName}
                </foreach>
            </when>
            <otherwise>
                id, ownerid, petid, nickname, `name`, horsetype, `type`, `level`, liliang, minjie,
                lingli, tili, dianhualx, dianhuazd, dianhuazx, yuhualx, yuhuazd, yuhuazx, cwjyzx,
                cwjyzd, feisheng, fsudu, qhcw_wg, qhcw_fg, cw_xiangxing, cw_wuxue, cw_icon, cw_xinfa,
                cw_qinmi, add_time, update_time, deleted
            </otherwise>
        </choose>
        from pets
        <if test="_parameter != null">
            <include refid="Update_By_Example_Where_Clause"/>
        </if>
        <if test="example.orderByClause != null">
            order by ${example.orderByClause}
        </if>
    </select>
    <select id="selectByPrimaryKey" parameterType="java.lang.Integer" resultMap="BaseResultMap">
        select
        <include refid="Base_Column_List"/>
        from pets
        where id = #{id,jdbcType=INTEGER}
    </select>
    <select id="selectByPrimaryKeyWithLogicalDelete" parameterType="map" resultMap="BaseResultMap">
        <!--
          WARNING - @mbg.generated
          This element is automatically generated by MyBatis Generator, do not modify.
          @project https://github.com/itfsw/mybatis-generator-plugin
        -->
        select
        <include refid="Base_Column_List"/>
        from pets
        where id = #{id,jdbcType=INTEGER}
        and deleted =
        <choose>
            <when test="andLogicalDeleted">
                1
            </when>
            <otherwise>
                0
            </otherwise>
        </choose>
    </select>
    <select id="selectByPrimaryKeySelective" parameterType="map" resultMap="BaseResultMap">
        <!--
          WARNING - @mbg.generated
          This element is automatically generated by MyBatis Generator, do not modify.
          @project https://github.com/itfsw/mybatis-generator-plugin
        -->
        select
        <choose>
            <when test="selective != null and selective.length > 0">
                <foreach collection="selective" item="column" separator=",">
                    ${column.escapedColumnName}
                </foreach>
            </when>
            <otherwise>
                id, ownerid, petid, nickname, `name`, horsetype, `type`, `level`, liliang, minjie,
                lingli, tili, dianhualx, dianhuazd, dianhuazx, yuhualx, yuhuazd, yuhuazx, cwjyzx,
                cwjyzd, feisheng, fsudu, qhcw_wg, qhcw_fg, cw_xiangxing, cw_wuxue, cw_icon, cw_xinfa,
                cw_qinmi, add_time, update_time, deleted
            </otherwise>
        </choose>
        from pets
        where id = #{id,jdbcType=INTEGER}
    </select>
    <delete id="deleteByPrimaryKey" parameterType="java.lang.Integer">
        delete
        from pets
        where id = #{id,jdbcType=INTEGER}
    </delete>
    <delete id="deleteByExample" parameterType="com.fengshen.db.domain.example.PetsExample">
        delete from pets
        <if test="_parameter != null">
            <include refid="Example_Where_Clause"/>
        </if>
    </delete>
    <insert id="insert" parameterType="com.fengshen.db.domain.Pets">
        <selectKey keyProperty="id" order="AFTER" resultType="java.lang.Integer">
            SELECT LAST_INSERT_ID()
        </selectKey>
        insert into pets (ownerid, petid, nickname,
        `name`, horsetype, `type`,
        `level`, liliang, minjie,
        lingli, tili, dianhualx,
        dianhuazd, dianhuazx, yuhualx,
        yuhuazd, yuhuazx, cwjyzx,
        cwjyzd, feisheng, fsudu,
        qhcw_wg, qhcw_fg, cw_xiangxing,
        cw_wuxue, cw_icon, cw_xinfa,
        cw_qinmi, add_time, update_time,
        deleted)
        values (#{ownerid,jdbcType=VARCHAR}, #{petid,jdbcType=VARCHAR}, #{nickname,jdbcType=VARCHAR},
        #{name,jdbcType=VARCHAR}, #{horsetype,jdbcType=INTEGER}, #{type,jdbcType=INTEGER},
        #{level,jdbcType=INTEGER}, #{liliang,jdbcType=INTEGER}, #{minjie,jdbcType=INTEGER},
        #{lingli,jdbcType=INTEGER}, #{tili,jdbcType=INTEGER}, #{dianhualx,jdbcType=INTEGER},
        #{dianhuazd,jdbcType=INTEGER}, #{dianhuazx,jdbcType=INTEGER}, #{yuhualx,jdbcType=INTEGER},
        #{yuhuazd,jdbcType=INTEGER}, #{yuhuazx,jdbcType=INTEGER}, #{cwjyzx,jdbcType=INTEGER},
        #{cwjyzd,jdbcType=INTEGER}, #{feisheng,jdbcType=INTEGER}, #{fsudu,jdbcType=INTEGER},
        #{qhcwWg,jdbcType=INTEGER}, #{qhcwFg,jdbcType=INTEGER}, #{cwXiangxing,jdbcType=INTEGER},
        #{cwWuxue,jdbcType=INTEGER}, #{cwIcon,jdbcType=VARCHAR}, #{cwXinfa,jdbcType=INTEGER},
        #{cwQinmi,jdbcType=INTEGER}, #{addTime,jdbcType=TIMESTAMP}, #{updateTime,jdbcType=TIMESTAMP},
        #{deleted,jdbcType=BIT})
    </insert>
    <insert id="insertSelective" parameterType="com.fengshen.db.domain.Pets">
        <selectKey keyProperty="id" order="AFTER" resultType="java.lang.Integer">
            SELECT LAST_INSERT_ID()
        </selectKey>
        insert into pets
        <trim prefix="(" suffix=")" suffixOverrides=",">
            <if test="ownerid != null">
                ownerid,
            </if>
            <if test="petid != null">
                petid,
            </if>
            <if test="nickname != null">
                nickname,
            </if>
            <if test="name != null">
                `name`,
            </if>
            <if test="horsetype != null">
                horsetype,
            </if>
            <if test="type != null">
                `type`,
            </if>
            <if test="level != null">
                `level`,
            </if>
            <if test="liliang != null">
                liliang,
            </if>
            <if test="minjie != null">
                minjie,
            </if>
            <if test="lingli != null">
                lingli,
            </if>
            <if test="tili != null">
                tili,
            </if>
            <if test="dianhualx != null">
                dianhualx,
            </if>
            <if test="dianhuazd != null">
                dianhuazd,
            </if>
            <if test="dianhuazx != null">
                dianhuazx,
            </if>
            <if test="yuhualx != null">
                yuhualx,
            </if>
            <if test="yuhuazd != null">
                yuhuazd,
            </if>
            <if test="yuhuazx != null">
                yuhuazx,
            </if>
            <if test="cwjyzx != null">
                cwjyzx,
            </if>
            <if test="cwjyzd != null">
                cwjyzd,
            </if>
            <if test="feisheng != null">
                feisheng,
            </if>
            <if test="fsudu != null">
                fsudu,
            </if>
            <if test="qhcwWg != null">
                qhcw_wg,
            </if>
            <if test="qhcwFg != null">
                qhcw_fg,
            </if>
            <if test="cwXiangxing != null">
                cw_xiangxing,
            </if>
            <if test="cwWuxue != null">
                cw_wuxue,
            </if>
            <if test="cwIcon != null">
                cw_icon,
            </if>
            <if test="cwXinfa != null">
                cw_xinfa,
            </if>
            <if test="cwQinmi != null">
                cw_qinmi,
            </if>
            <if test="addTime != null">
                add_time,
            </if>
            <if test="updateTime != null">
                update_time,
            </if>
            <if test="deleted != null">
                deleted,
            </if>
        </trim>
        <trim prefix="values (" suffix=")" suffixOverrides=",">
            <if test="ownerid != null">
                #{ownerid,jdbcType=VARCHAR},
            </if>
            <if test="petid != null">
                #{petid,jdbcType=VARCHAR},
            </if>
            <if test="nickname != null">
                #{nickname,jdbcType=VARCHAR},
            </if>
            <if test="name != null">
                #{name,jdbcType=VARCHAR},
            </if>
            <if test="horsetype != null">
                #{horsetype,jdbcType=INTEGER},
            </if>
            <if test="type != null">
                #{type,jdbcType=INTEGER},
            </if>
            <if test="level != null">
                #{level,jdbcType=INTEGER},
            </if>
            <if test="liliang != null">
                #{liliang,jdbcType=INTEGER},
            </if>
            <if test="minjie != null">
                #{minjie,jdbcType=INTEGER},
            </if>
            <if test="lingli != null">
                #{lingli,jdbcType=INTEGER},
            </if>
            <if test="tili != null">
                #{tili,jdbcType=INTEGER},
            </if>
            <if test="dianhualx != null">
                #{dianhualx,jdbcType=INTEGER},
            </if>
            <if test="dianhuazd != null">
                #{dianhuazd,jdbcType=INTEGER},
            </if>
            <if test="dianhuazx != null">
                #{dianhuazx,jdbcType=INTEGER},
            </if>
            <if test="yuhualx != null">
                #{yuhualx,jdbcType=INTEGER},
            </if>
            <if test="yuhuazd != null">
                #{yuhuazd,jdbcType=INTEGER},
            </if>
            <if test="yuhuazx != null">
                #{yuhuazx,jdbcType=INTEGER},
            </if>
            <if test="cwjyzx != null">
                #{cwjyzx,jdbcType=INTEGER},
            </if>
            <if test="cwjyzd != null">
                #{cwjyzd,jdbcType=INTEGER},
            </if>
            <if test="feisheng != null">
                #{feisheng,jdbcType=INTEGER},
            </if>
            <if test="fsudu != null">
                #{fsudu,jdbcType=INTEGER},
            </if>
            <if test="qhcwWg != null">
                #{qhcwWg,jdbcType=INTEGER},
            </if>
            <if test="qhcwFg != null">
                #{qhcwFg,jdbcType=INTEGER},
            </if>
            <if test="cwXiangxing != null">
                #{cwXiangxing,jdbcType=INTEGER},
            </if>
            <if test="cwWuxue != null">
                #{cwWuxue,jdbcType=INTEGER},
            </if>
            <if test="cwIcon != null">
                #{cwIcon,jdbcType=VARCHAR},
            </if>
            <if test="cwXinfa != null">
                #{cwXinfa,jdbcType=INTEGER},
            </if>
            <if test="cwQinmi != null">
                #{cwQinmi,jdbcType=INTEGER},
            </if>
            <if test="addTime != null">
                #{addTime,jdbcType=TIMESTAMP},
            </if>
            <if test="updateTime != null">
                #{updateTime,jdbcType=TIMESTAMP},
            </if>
            <if test="deleted != null">
                #{deleted,jdbcType=BIT},
            </if>
        </trim>
    </insert>
    <select id="countByExample" parameterType="com.fengshen.db.domain.example.PetsExample" resultType="java.lang.Long">
        select count(*) from pets
        <if test="_parameter != null">
            <include refid="Example_Where_Clause"/>
        </if>
    </select>
    <update id="updateByExampleSelective" parameterType="map">
        update pets
        <set>
            <if test="record.id != null">
                id = #{record.id,jdbcType=INTEGER},
            </if>
            <if test="record.ownerid != null">
                ownerid = #{record.ownerid,jdbcType=VARCHAR},
            </if>
            <if test="record.petid != null">
                petid = #{record.petid,jdbcType=VARCHAR},
            </if>
            <if test="record.nickname != null">
                nickname = #{record.nickname,jdbcType=VARCHAR},
            </if>
            <if test="record.name != null">
                `name` = #{record.name,jdbcType=VARCHAR},
            </if>
            <if test="record.horsetype != null">
                horsetype = #{record.horsetype,jdbcType=INTEGER},
            </if>
            <if test="record.type != null">
                `type` = #{record.type,jdbcType=INTEGER},
            </if>
            <if test="record.level != null">
                `level` = #{record.level,jdbcType=INTEGER},
            </if>
            <if test="record.liliang != null">
                liliang = #{record.liliang,jdbcType=INTEGER},
            </if>
            <if test="record.minjie != null">
                minjie = #{record.minjie,jdbcType=INTEGER},
            </if>
            <if test="record.lingli != null">
                lingli = #{record.lingli,jdbcType=INTEGER},
            </if>
            <if test="record.tili != null">
                tili = #{record.tili,jdbcType=INTEGER},
            </if>
            <if test="record.dianhualx != null">
                dianhualx = #{record.dianhualx,jdbcType=INTEGER},
            </if>
            <if test="record.dianhuazd != null">
                dianhuazd = #{record.dianhuazd,jdbcType=INTEGER},
            </if>
            <if test="record.dianhuazx != null">
                dianhuazx = #{record.dianhuazx,jdbcType=INTEGER},
            </if>
            <if test="record.yuhualx != null">
                yuhualx = #{record.yuhualx,jdbcType=INTEGER},
            </if>
            <if test="record.yuhuazd != null">
                yuhuazd = #{record.yuhuazd,jdbcType=INTEGER},
            </if>
            <if test="record.yuhuazx != null">
                yuhuazx = #{record.yuhuazx,jdbcType=INTEGER},
            </if>
            <if test="record.cwjyzx != null">
                cwjyzx = #{record.cwjyzx,jdbcType=INTEGER},
            </if>
            <if test="record.cwjyzd != null">
                cwjyzd = #{record.cwjyzd,jdbcType=INTEGER},
            </if>
            <if test="record.feisheng != null">
                feisheng = #{record.feisheng,jdbcType=INTEGER},
            </if>
            <if test="record.fsudu != null">
                fsudu = #{record.fsudu,jdbcType=INTEGER},
            </if>
            <if test="record.qhcwWg != null">
                qhcw_wg = #{record.qhcwWg,jdbcType=INTEGER},
            </if>
            <if test="record.qhcwFg != null">
                qhcw_fg = #{record.qhcwFg,jdbcType=INTEGER},
            </if>
            <if test="record.cwXiangxing != null">
                cw_xiangxing = #{record.cwXiangxing,jdbcType=INTEGER},
            </if>
            <if test="record.cwWuxue != null">
                cw_wuxue = #{record.cwWuxue,jdbcType=INTEGER},
            </if>
            <if test="record.cwIcon != null">
                cw_icon = #{record.cwIcon,jdbcType=VARCHAR},
            </if>
            <if test="record.cwXinfa != null">
                cw_xinfa = #{record.cwXinfa,jdbcType=INTEGER},
            </if>
            <if test="record.cwQinmi != null">
                cw_qinmi = #{record.cwQinmi,jdbcType=INTEGER},
            </if>
            <if test="record.addTime != null">
                add_time = #{record.addTime,jdbcType=TIMESTAMP},
            </if>
            <if test="record.updateTime != null">
                update_time = #{record.updateTime,jdbcType=TIMESTAMP},
            </if>
            <if test="record.deleted != null">
                deleted = #{record.deleted,jdbcType=BIT},
            </if>
        </set>
        <if test="_parameter != null">
            <include refid="Update_By_Example_Where_Clause"/>
        </if>
    </update>
    <update id="updateByExample" parameterType="map">
        update pets
        set id = #{record.id,jdbcType=INTEGER},
        ownerid = #{record.ownerid,jdbcType=VARCHAR},
        petid = #{record.petid,jdbcType=VARCHAR},
        nickname = #{record.nickname,jdbcType=VARCHAR},
        `name` = #{record.name,jdbcType=VARCHAR},
        horsetype = #{record.horsetype,jdbcType=INTEGER},
        `type` = #{record.type,jdbcType=INTEGER},
        `level` = #{record.level,jdbcType=INTEGER},
        liliang = #{record.liliang,jdbcType=INTEGER},
        minjie = #{record.minjie,jdbcType=INTEGER},
        lingli = #{record.lingli,jdbcType=INTEGER},
        tili = #{record.tili,jdbcType=INTEGER},
        dianhualx = #{record.dianhualx,jdbcType=INTEGER},
        dianhuazd = #{record.dianhuazd,jdbcType=INTEGER},
        dianhuazx = #{record.dianhuazx,jdbcType=INTEGER},
        yuhualx = #{record.yuhualx,jdbcType=INTEGER},
        yuhuazd = #{record.yuhuazd,jdbcType=INTEGER},
        yuhuazx = #{record.yuhuazx,jdbcType=INTEGER},
        cwjyzx = #{record.cwjyzx,jdbcType=INTEGER},
        cwjyzd = #{record.cwjyzd,jdbcType=INTEGER},
        feisheng = #{record.feisheng,jdbcType=INTEGER},
        fsudu = #{record.fsudu,jdbcType=INTEGER},
        qhcw_wg = #{record.qhcwWg,jdbcType=INTEGER},
        qhcw_fg = #{record.qhcwFg,jdbcType=INTEGER},
        cw_xiangxing = #{record.cwXiangxing,jdbcType=INTEGER},
        cw_wuxue = #{record.cwWuxue,jdbcType=INTEGER},
        cw_icon = #{record.cwIcon,jdbcType=VARCHAR},
        cw_xinfa = #{record.cwXinfa,jdbcType=INTEGER},
        cw_qinmi = #{record.cwQinmi,jdbcType=INTEGER},
        add_time = #{record.addTime,jdbcType=TIMESTAMP},
        update_time = #{record.updateTime,jdbcType=TIMESTAMP},
        deleted = #{record.deleted,jdbcType=BIT}
        <if test="_parameter != null">
            <include refid="Update_By_Example_Where_Clause"/>
        </if>
    </update>
    <update id="updateByPrimaryKeySelective" parameterType="com.fengshen.db.domain.Pets">
        update pets
        <set>
            <if test="ownerid != null">
                ownerid = #{ownerid,jdbcType=VARCHAR},
            </if>
            <if test="petid != null">
                petid = #{petid,jdbcType=VARCHAR},
            </if>
            <if test="nickname != null">
                nickname = #{nickname,jdbcType=VARCHAR},
            </if>
            <if test="name != null">
                `name` = #{name,jdbcType=VARCHAR},
            </if>
            <if test="horsetype != null">
                horsetype = #{horsetype,jdbcType=INTEGER},
            </if>
            <if test="type != null">
                `type` = #{type,jdbcType=INTEGER},
            </if>
            <if test="level != null">
                `level` = #{level,jdbcType=INTEGER},
            </if>
            <if test="liliang != null">
                liliang = #{liliang,jdbcType=INTEGER},
            </if>
            <if test="minjie != null">
                minjie = #{minjie,jdbcType=INTEGER},
            </if>
            <if test="lingli != null">
                lingli = #{lingli,jdbcType=INTEGER},
            </if>
            <if test="tili != null">
                tili = #{tili,jdbcType=INTEGER},
            </if>
            <if test="dianhualx != null">
                dianhualx = #{dianhualx,jdbcType=INTEGER},
            </if>
            <if test="dianhuazd != null">
                dianhuazd = #{dianhuazd,jdbcType=INTEGER},
            </if>
            <if test="dianhuazx != null">
                dianhuazx = #{dianhuazx,jdbcType=INTEGER},
            </if>
            <if test="yuhualx != null">
                yuhualx = #{yuhualx,jdbcType=INTEGER},
            </if>
            <if test="yuhuazd != null">
                yuhuazd = #{yuhuazd,jdbcType=INTEGER},
            </if>
            <if test="yuhuazx != null">
                yuhuazx = #{yuhuazx,jdbcType=INTEGER},
            </if>
            <if test="cwjyzx != null">
                cwjyzx = #{cwjyzx,jdbcType=INTEGER},
            </if>
            <if test="cwjyzd != null">
                cwjyzd = #{cwjyzd,jdbcType=INTEGER},
            </if>
            <if test="feisheng != null">
                feisheng = #{feisheng,jdbcType=INTEGER},
            </if>
            <if test="fsudu != null">
                fsudu = #{fsudu,jdbcType=INTEGER},
            </if>
            <if test="qhcwWg != null">
                qhcw_wg = #{qhcwWg,jdbcType=INTEGER},
            </if>
            <if test="qhcwFg != null">
                qhcw_fg = #{qhcwFg,jdbcType=INTEGER},
            </if>
            <if test="cwXiangxing != null">
                cw_xiangxing = #{cwXiangxing,jdbcType=INTEGER},
            </if>
            <if test="cwWuxue != null">
                cw_wuxue = #{cwWuxue,jdbcType=INTEGER},
            </if>
            <if test="cwIcon != null">
                cw_icon = #{cwIcon,jdbcType=VARCHAR},
            </if>
            <if test="cwXinfa != null">
                cw_xinfa = #{cwXinfa,jdbcType=INTEGER},
            </if>
            <if test="cwQinmi != null">
                cw_qinmi = #{cwQinmi,jdbcType=INTEGER},
            </if>
            <if test="addTime != null">
                add_time = #{addTime,jdbcType=TIMESTAMP},
            </if>
            <if test="updateTime != null">
                update_time = #{updateTime,jdbcType=TIMESTAMP},
            </if>
            <if test="deleted != null">
                deleted = #{deleted,jdbcType=BIT},
            </if>
        </set>
        where id = #{id,jdbcType=INTEGER}
    </update>
    <update id="updateByPrimaryKey" parameterType="com.fengshen.db.domain.Pets">
        update pets
        set ownerid      = #{ownerid,jdbcType=VARCHAR},
            petid        = #{petid,jdbcType=VARCHAR},
            nickname     = #{nickname,jdbcType=VARCHAR},
            `name`       = #{name,jdbcType=VARCHAR},
            horsetype    = #{horsetype,jdbcType=INTEGER},
            `type`       = #{type,jdbcType=INTEGER},
            `level`      = #{level,jdbcType=INTEGER},
            liliang      = #{liliang,jdbcType=INTEGER},
            minjie       = #{minjie,jdbcType=INTEGER},
            lingli       = #{lingli,jdbcType=INTEGER},
            tili         = #{tili,jdbcType=INTEGER},
            dianhualx    = #{dianhualx,jdbcType=INTEGER},
            dianhuazd    = #{dianhuazd,jdbcType=INTEGER},
            dianhuazx    = #{dianhuazx,jdbcType=INTEGER},
            yuhualx      = #{yuhualx,jdbcType=INTEGER},
            yuhuazd      = #{yuhuazd,jdbcType=INTEGER},
            yuhuazx      = #{yuhuazx,jdbcType=INTEGER},
            cwjyzx       = #{cwjyzx,jdbcType=INTEGER},
            cwjyzd       = #{cwjyzd,jdbcType=INTEGER},
            feisheng     = #{feisheng,jdbcType=INTEGER},
            fsudu        = #{fsudu,jdbcType=INTEGER},
            qhcw_wg      = #{qhcwWg,jdbcType=INTEGER},
            qhcw_fg      = #{qhcwFg,jdbcType=INTEGER},
            cw_xiangxing = #{cwXiangxing,jdbcType=INTEGER},
            cw_wuxue     = #{cwWuxue,jdbcType=INTEGER},
            cw_icon      = #{cwIcon,jdbcType=VARCHAR},
            cw_xinfa     = #{cwXinfa,jdbcType=INTEGER},
            cw_qinmi     = #{cwQinmi,jdbcType=INTEGER},
            add_time     = #{addTime,jdbcType=TIMESTAMP},
            update_time  = #{updateTime,jdbcType=TIMESTAMP},
            deleted      = #{deleted,jdbcType=BIT}
        where id = #{id,jdbcType=INTEGER}
    </update>
    <select id="selectOneByExample" parameterType="com.fengshen.db.domain.example.PetsExample"
            resultMap="BaseResultMap">
        <!--
          WARNING - @mbg.generated
          This element is automatically generated by MyBatis Generator, do not modify.
          @project https://github.com/itfsw/mybatis-generator-plugin
        -->
        select
        <include refid="Base_Column_List"/>
        from pets
        <if test="_parameter != null">
            <include refid="Example_Where_Clause"/>
        </if>
        <if test="orderByClause != null">
            order by ${orderByClause}
        </if>
        limit 1
    </select>
    <select id="selectOneByExampleSelective" parameterType="map" resultMap="BaseResultMap">
        <!--
          WARNING - @mbg.generated
          This element is automatically generated by MyBatis Generator, do not modify.
          @project https://github.com/itfsw/mybatis-generator-plugin
        -->
        select
        <choose>
            <when test="selective != null and selective.length > 0">
                <foreach collection="selective" item="column" separator=",">
                    ${column.escapedColumnName}
                </foreach>
            </when>
            <otherwise>
                id, ownerid, petid, nickname, `name`, horsetype, `type`, `level`, liliang, minjie,
                lingli, tili, dianhualx, dianhuazd, dianhuazx, yuhualx, yuhuazd, yuhuazx, cwjyzx,
                cwjyzd, feisheng, fsudu, qhcw_wg, qhcw_fg, cw_xiangxing, cw_wuxue, cw_icon, cw_xinfa,
                cw_qinmi, add_time, update_time, deleted
            </otherwise>
        </choose>
        from pets
        <if test="_parameter != null">
            <include refid="Update_By_Example_Where_Clause"/>
        </if>
        <if test="example.orderByClause != null">
            order by ${example.orderByClause}
        </if>
        limit 1
    </select>
    <update id="logicalDeleteByExample" parameterType="map">
        <!--
          WARNING - @mbg.generated
          This element is automatically generated by MyBatis Generator, do not modify.
          @project https://github.com/itfsw/mybatis-generator-plugin
        -->
        update pets set deleted = 1
        <if test="_parameter != null">
            <include refid="Update_By_Example_Where_Clause"/>
        </if>
    </update>
    <update id="logicalDeleteByPrimaryKey" parameterType="java.lang.Integer">
        <!--
          WARNING - @mbg.generated
          This element is automatically generated by MyBatis Generator, do not modify.
          @project https://github.com/itfsw/mybatis-generator-plugin
        -->
        update pets set deleted = 1
        where id = #{id,jdbcType=INTEGER}
    </update>
</mapper>