<?xml version="1.0" encoding="UTF-8"?>
<!DOCTYPE mapper PUBLIC "-//mybatis.org//DTD Mapper 3.0//EN" "http://mybatis.org/dtd/mybatis-3-mapper.dtd">
<mapper namespace="com.fengshen.db.dao.PKRecordMapper">
    <resultMap id="BaseResultMap" type="com.fengshen.db.domain.masked.PKRecord">
        <!--
          WARNING - @mbg.generated
          This element is automatically generated by MyBatis Generator, do not modify.
          This element was generated on Wed Feb 05 22:20:54 CST 2020.
        -->
        <constructor>
            <idArg column="id" javaType="java.lang.Integer" jdbcType="INTEGER"/>
            <arg column="pk_chara_id" javaType="java.lang.Integer" jdbcType="INTEGER"/>
            <arg column="be_pk_chara_id" javaType="java.lang.Integer" jdbcType="INTEGER"/>
            <arg column="server_name" javaType="java.lang.String" jdbcType="VARCHAR"/>
            <arg column="server_id" javaType="java.lang.String" jdbcType="VARCHAR"/>
            <arg column="win_state" javaType="java.lang.Boolean" jdbcType="BIT"/>
            <arg column="add_time" javaType="java.lang.String" jdbcType="VARCHAR"/>
            <arg column="update_time" javaType="java.lang.String" jdbcType="VARCHAR"/>
        </constructor>
    </resultMap>
    <sql id="Example_Where_Clause">
        <!--
          WARNING - @mbg.generated
          This element is automatically generated by MyBatis Generator, do not modify.
          This element was generated on Wed Feb 05 22:20:54 CST 2020.
        -->
        <where>
            <foreach collection="oredCriteria" item="criteria" separator="or">
                <if test="criteria.valid">
                    <trim prefix="(" prefixOverrides="and" suffix=")">
                        <foreach collection="criteria.criteria" item="criterion">
                            <choose>
                                <when test="criterion.noValue">
                                    and ${criterion.condition}
                                </when>
                                <when test="criterion.singleValue">
                                    and ${criterion.condition} #{criterion.value}
                                </when>
                                <when test="criterion.betweenValue">
                                    and ${criterion.condition} #{criterion.value} and #{criterion.secondValue}
                                </when>
                                <when test="criterion.listValue">
                                    and ${criterion.condition}
                                    <foreach close=")" collection="criterion.value" item="listItem" open="("
                                             separator=",">
                                        #{listItem}
                                    </foreach>
                                </when>
                            </choose>
                        </foreach>
                    </trim>
                </if>
            </foreach>
        </where>
    </sql>
    <sql id="Update_By_Example_Where_Clause">
        <!--
          WARNING - @mbg.generated
          This element is automatically generated by MyBatis Generator, do not modify.
          This element was generated on Wed Feb 05 22:20:54 CST 2020.
        -->
        <where>
            <foreach collection="example.oredCriteria" item="criteria" separator="or">
                <if test="criteria.valid">
                    <trim prefix="(" prefixOverrides="and" suffix=")">
                        <foreach collection="criteria.criteria" item="criterion">
                            <choose>
                                <when test="criterion.noValue">
                                    and ${criterion.condition}
                                </when>
                                <when test="criterion.singleValue">
                                    and ${criterion.condition} #{criterion.value}
                                </when>
                                <when test="criterion.betweenValue">
                                    and ${criterion.condition} #{criterion.value} and #{criterion.secondValue}
                                </when>
                                <when test="criterion.listValue">
                                    and ${criterion.condition}
                                    <foreach close=")" collection="criterion.value" item="listItem" open="("
                                             separator=",">
                                        #{listItem}
                                    </foreach>
                                </when>
                            </choose>
                        </foreach>
                    </trim>
                </if>
            </foreach>
        </where>
    </sql>
    <sql id="Base_Column_List">
        <!--
          WARNING - @mbg.generated
          This element is automatically generated by MyBatis Generator, do not modify.
          This element was generated on Wed Feb 05 22:20:54 CST 2020.
        -->
        id, pk_chara_id, be_pk_chara_id, server_name, server_id, win_state, add_time, update_time
    </sql>
    <select id="selectByExample" parameterType="com.fengshen.db.domain.example.PKRecordExample"
            resultMap="BaseResultMap">
        <!--
          WARNING - @mbg.generated
          This element is automatically generated by MyBatis Generator, do not modify.
          This element was generated on Wed Feb 05 22:20:54 CST 2020.
        -->
        select
        <if test="distinct">
            distinct
        </if>
        <include refid="Base_Column_List"/>
        from pk_record
        <if test="_parameter != null">
            <include refid="Example_Where_Clause"/>
        </if>
        <if test="orderByClause != null">
            order by ${orderByClause}
        </if>
    </select>
    <select id="selectByPrimaryKey" parameterType="java.lang.Integer" resultMap="BaseResultMap">
        <!--
          WARNING - @mbg.generated
          This element is automatically generated by MyBatis Generator, do not modify.
          This element was generated on Wed Feb 05 22:20:54 CST 2020.
        -->
        select
        <include refid="Base_Column_List"/>
        from pk_record
        where id = #{id,jdbcType=INTEGER}
    </select>
    <delete id="deleteByPrimaryKey" parameterType="java.lang.Integer">
        <!--
          WARNING - @mbg.generated
          This element is automatically generated by MyBatis Generator, do not modify.
          This element was generated on Wed Feb 05 22:20:54 CST 2020.
        -->
        delete from pk_record
        where id = #{id,jdbcType=INTEGER}
    </delete>
    <delete id="deleteByExample" parameterType="com.fengshen.db.domain.example.PKRecordExample">
        <!--
          WARNING - @mbg.generated
          This element is automatically generated by MyBatis Generator, do not modify.
          This element was generated on Wed Feb 05 22:20:54 CST 2020.
        -->
        delete from pk_record
        <if test="_parameter != null">
            <include refid="Example_Where_Clause"/>
        </if>
    </delete>
    <insert id="insert" parameterType="com.fengshen.db.domain.masked.PKRecord">
        <!--
          WARNING - @mbg.generated
          This element is automatically generated by MyBatis Generator, do not modify.
          This element was generated on Wed Feb 05 22:20:54 CST 2020.
        -->
        insert into pk_record (id, pk_chara_id, be_pk_chara_id,
        server_name, server_id, win_state,
        add_time, update_time)
        values (#{id,jdbcType=INTEGER}, #{pkCharaId,jdbcType=INTEGER}, #{bePkCharaId,jdbcType=INTEGER},
        #{serverName,jdbcType=VARCHAR}, #{serverId,jdbcType=VARCHAR}, #{winState,jdbcType=BIT},
        #{addTime,jdbcType=VARCHAR}, #{updateTime,jdbcType=VARCHAR})
    </insert>
    <insert id="insertSelective" parameterType="com.fengshen.db.domain.masked.PKRecord">
        <!--
          WARNING - @mbg.generated
          This element is automatically generated by MyBatis Generator, do not modify.
          This element was generated on Wed Feb 05 22:20:54 CST 2020.
        -->
        insert into pk_record
        <trim prefix="(" suffix=")" suffixOverrides=",">
            <if test="id != null">
                id,
            </if>
            <if test="pkCharaId != null">
                pk_chara_id,
            </if>
            <if test="bePkCharaId != null">
                be_pk_chara_id,
            </if>
            <if test="serverName != null">
                server_name,
            </if>
            <if test="serverId != null">
                server_id,
            </if>
            <if test="winState != null">
                win_state,
            </if>
            <if test="addTime != null">
                add_time,
            </if>
            <if test="updateTime != null">
                update_time,
            </if>
        </trim>
        <trim prefix="values (" suffix=")" suffixOverrides=",">
            <if test="id != null">
                #{id,jdbcType=INTEGER},
            </if>
            <if test="pkCharaId != null">
                #{pkCharaId,jdbcType=INTEGER},
            </if>
            <if test="bePkCharaId != null">
                #{bePkCharaId,jdbcType=INTEGER},
            </if>
            <if test="serverName != null">
                #{serverName,jdbcType=VARCHAR},
            </if>
            <if test="serverId != null">
                #{serverId,jdbcType=VARCHAR},
            </if>
            <if test="winState != null">
                #{winState,jdbcType=BIT},
            </if>
            <if test="addTime != null">
                #{addTime,jdbcType=VARCHAR},
            </if>
            <if test="updateTime != null">
                #{updateTime,jdbcType=VARCHAR},
            </if>
        </trim>
    </insert>
    <select id="countByExample" parameterType="com.fengshen.db.domain.example.PKRecordExample"
            resultType="java.lang.Long">
        <!--
          WARNING - @mbg.generated
          This element is automatically generated by MyBatis Generator, do not modify.
          This element was generated on Wed Feb 05 22:20:54 CST 2020.
        -->
        select count(*) from pk_record
        <if test="_parameter != null">
            <include refid="Example_Where_Clause"/>
        </if>
    </select>
    <update id="updateByExampleSelective" parameterType="map">
        <!--
          WARNING - @mbg.generated
          This element is automatically generated by MyBatis Generator, do not modify.
          This element was generated on Wed Feb 05 22:20:54 CST 2020.
        -->
        update pk_record
        <set>
            <if test="record.id != null">
                id = #{record.id,jdbcType=INTEGER},
            </if>
            <if test="record.pkCharaId != null">
                pk_chara_id = #{record.pkCharaId,jdbcType=INTEGER},
            </if>
            <if test="record.bePkCharaId != null">
                be_pk_chara_id = #{record.bePkCharaId,jdbcType=INTEGER},
            </if>
            <if test="record.serverName != null">
                server_name = #{record.serverName,jdbcType=VARCHAR},
            </if>
            <if test="record.serverId != null">
                server_id = #{record.serverId,jdbcType=VARCHAR},
            </if>
            <if test="record.winState != null">
                win_state = #{record.winState,jdbcType=BIT},
            </if>
            <if test="record.addTime != null">
                add_time = #{record.addTime,jdbcType=VARCHAR},
            </if>
            <if test="record.updateTime != null">
                update_time = #{record.updateTime,jdbcType=VARCHAR},
            </if>
        </set>
        <if test="_parameter != null">
            <include refid="Update_By_Example_Where_Clause"/>
        </if>
    </update>
    <update id="updateByExample" parameterType="map">
        <!--
          WARNING - @mbg.generated
          This element is automatically generated by MyBatis Generator, do not modify.
          This element was generated on Wed Feb 05 22:20:54 CST 2020.
        -->
        update pk_record
        set id = #{record.id,jdbcType=INTEGER},
        pk_chara_id = #{record.pkCharaId,jdbcType=INTEGER},
        be_pk_chara_id = #{record.bePkCharaId,jdbcType=INTEGER},
        server_name = #{record.serverName,jdbcType=VARCHAR},
        server_id = #{record.serverId,jdbcType=VARCHAR},
        win_state = #{record.winState,jdbcType=BIT},
        add_time = #{record.addTime,jdbcType=VARCHAR},
        update_time = #{record.updateTime,jdbcType=VARCHAR}
        <if test="_parameter != null">
            <include refid="Update_By_Example_Where_Clause"/>
        </if>
    </update>
    <update id="updateByPrimaryKeySelective" parameterType="com.fengshen.db.domain.masked.PKRecord">
        <!--
          WARNING - @mbg.generated
          This element is automatically generated by MyBatis Generator, do not modify.
          This element was generated on Wed Feb 05 22:20:54 CST 2020.
        -->
        update pk_record
        <set>
            <if test="pkCharaId != null">
                pk_chara_id = #{pkCharaId,jdbcType=INTEGER},
            </if>
            <if test="bePkCharaId != null">
                be_pk_chara_id = #{bePkCharaId,jdbcType=INTEGER},
            </if>
            <if test="serverName != null">
                server_name = #{serverName,jdbcType=VARCHAR},
            </if>
            <if test="serverId != null">
                server_id = #{serverId,jdbcType=VARCHAR},
            </if>
            <if test="winState != null">
                win_state = #{winState,jdbcType=BIT},
            </if>
            <if test="addTime != null">
                add_time = #{addTime,jdbcType=VARCHAR},
            </if>
            <if test="updateTime != null">
                update_time = #{updateTime,jdbcType=VARCHAR},
            </if>
        </set>
        where id = #{id,jdbcType=INTEGER}
    </update>
    <update id="updateByPrimaryKey" parameterType="com.fengshen.db.domain.masked.PKRecord">
        <!--
          WARNING - @mbg.generated
          This element is automatically generated by MyBatis Generator, do not modify.
          This element was generated on Wed Feb 05 22:20:54 CST 2020.
        -->
        update pk_record
        set pk_chara_id = #{pkCharaId,jdbcType=INTEGER},
        be_pk_chara_id = #{bePkCharaId,jdbcType=INTEGER},
        server_name = #{serverName,jdbcType=VARCHAR},
        server_id = #{serverId,jdbcType=VARCHAR},
        win_state = #{winState,jdbcType=BIT},
        add_time = #{addTime,jdbcType=VARCHAR},
        update_time = #{updateTime,jdbcType=VARCHAR}
        where id = #{id,jdbcType=INTEGER}
    </update>
    <select id="selectOneByExample" parameterType="com.fengshen.db.domain.example.PKRecordExample"
            resultMap="BaseResultMap">
        select
        <include refid="Base_Column_List"/>
        from pk_record
        <if test="_parameter != null">
            <include refid="Example_Where_Clause"/>
        </if>
        <if test="orderByClause != null">
            order by ${orderByClause}
        </if>
        limit 1
    </select>
</mapper>