<?xml version="1.0" encoding="UTF-8"?>
<!DOCTYPE mapper PUBLIC "-//mybatis.org//DTD Mapper 3.0//EN" "http://mybatis.org/dtd/mybatis-3-mapper.dtd">
<mapper namespace="com.fengshen.db.dao.RenwuMonsterMapper">
    <resultMap id="BaseResultMap" type="com.fengshen.db.domain.RenwuMonster">
        <id column="id" jdbcType="INTEGER" property="id"/>
        <result column="map_name" jdbcType="VARCHAR" property="mapName"/>
        <result column="x" jdbcType="INTEGER" property="x"/>
        <result column="y" jdbcType="INTEGER" property="y"/>
        <result column="name" jdbcType="VARCHAR" property="name"/>
        <result column="icon" jdbcType="INTEGER" property="icon"/>
        <result column="skills" jdbcType="VARCHAR" property="skills"/>
        <result column="type" jdbcType="INTEGER" property="type"/>
        <result column="add_time" jdbcType="TIMESTAMP" property="addTime"/>
        <result column="update_time" jdbcType="TIMESTAMP" property="updateTime"/>
        <result column="deleted" jdbcType="BIT" property="deleted"/>
    </resultMap>
    <sql id="Example_Where_Clause">
        <where>
            <foreach collection="oredCriteria" item="criteria" separator="or">
                <if test="criteria.valid">
                    <trim prefix="(" prefixOverrides="and" suffix=")">
                        <foreach collection="criteria.criteria" item="criterion">
                            <choose>
                                <when test="criterion.noValue">
                                    and ${criterion.condition}
                                </when>
                                <when test="criterion.singleValue">
                                    and ${criterion.condition} #{criterion.value}
                                </when>
                                <when test="criterion.betweenValue">
                                    and ${criterion.condition} #{criterion.value} and #{criterion.secondValue}
                                </when>
                                <when test="criterion.listValue">
                                    and ${criterion.condition}
                                    <foreach close=")" collection="criterion.value" item="listItem" open="("
                                             separator=",">
                                        #{listItem}
                                    </foreach>
                                </when>
                            </choose>
                        </foreach>
                    </trim>
                </if>
            </foreach>
        </where>
    </sql>
    <sql id="Update_By_Example_Where_Clause">
        <where>
            <foreach collection="example.oredCriteria" item="criteria" separator="or">
                <if test="criteria.valid">
                    <trim prefix="(" prefixOverrides="and" suffix=")">
                        <foreach collection="criteria.criteria" item="criterion">
                            <choose>
                                <when test="criterion.noValue">
                                    and ${criterion.condition}
                                </when>
                                <when test="criterion.singleValue">
                                    and ${criterion.condition} #{criterion.value}
                                </when>
                                <when test="criterion.betweenValue">
                                    and ${criterion.condition} #{criterion.value} and #{criterion.secondValue}
                                </when>
                                <when test="criterion.listValue">
                                    and ${criterion.condition}
                                    <foreach close=")" collection="criterion.value" item="listItem" open="("
                                             separator=",">
                                        #{listItem}
                                    </foreach>
                                </when>
                            </choose>
                        </foreach>
                    </trim>
                </if>
            </foreach>
        </where>
    </sql>
    <sql id="Base_Column_List">
        id
        , map_name, x, y, `name`, icon, skills, `type`, add_time, update_time, deleted
    </sql>
    <select id="selectByExample" parameterType="com.fengshen.db.domain.example.RenwuMonsterExample"
            resultMap="BaseResultMap">
        select
        <if test="distinct">
            distinct
        </if>
        <include refid="Base_Column_List"/>
        from renwu_monster
        <if test="_parameter != null">
            <include refid="Example_Where_Clause"/>
        </if>
        <if test="orderByClause != null">
            order by ${orderByClause}
        </if>
    </select>
    <select id="selectByExampleSelective" parameterType="map" resultMap="BaseResultMap">
        <!--
          WARNING - @mbg.generated
          This element is automatically generated by MyBatis Generator, do not modify.
          @project https://github.com/itfsw/mybatis-generator-plugin
        -->
        select
        <if test="example.distinct">
            distinct
        </if>
        <choose>
            <when test="selective != null and selective.length > 0">
                <foreach collection="selective" item="column" separator=",">
                    ${column.escapedColumnName}
                </foreach>
            </when>
            <otherwise>
                id, map_name, x, y, `name`, icon, skills, `type`, add_time, update_time, deleted
            </otherwise>
        </choose>
        from renwu_monster
        <if test="_parameter != null">
            <include refid="Update_By_Example_Where_Clause"/>
        </if>
        <if test="example.orderByClause != null">
            order by ${example.orderByClause}
        </if>
    </select>
    <select id="selectByPrimaryKey" parameterType="java.lang.Integer" resultMap="BaseResultMap">
        select
        <include refid="Base_Column_List"/>
        from renwu_monster
        where id = #{id,jdbcType=INTEGER}
    </select>
    <select id="selectByPrimaryKeyWithLogicalDelete" parameterType="map" resultMap="BaseResultMap">
        <!--
          WARNING - @mbg.generated
          This element is automatically generated by MyBatis Generator, do not modify.
          @project https://github.com/itfsw/mybatis-generator-plugin
        -->
        select
        <include refid="Base_Column_List"/>
        from renwu_monster
        where id = #{id,jdbcType=INTEGER}
        and deleted =
        <choose>
            <when test="andLogicalDeleted">
                1
            </when>
            <otherwise>
                0
            </otherwise>
        </choose>
    </select>
    <select id="selectByPrimaryKeySelective" parameterType="map" resultMap="BaseResultMap">
        <!--
          WARNING - @mbg.generated
          This element is automatically generated by MyBatis Generator, do not modify.
          @project https://github.com/itfsw/mybatis-generator-plugin
        -->
        select
        <choose>
            <when test="selective != null and selective.length > 0">
                <foreach collection="selective" item="column" separator=",">
                    ${column.escapedColumnName}
                </foreach>
            </when>
            <otherwise>
                id, map_name, x, y, `name`, icon, skills, `type`, add_time, update_time, deleted
            </otherwise>
        </choose>
        from renwu_monster
        where id = #{id,jdbcType=INTEGER}
    </select>
    <delete id="deleteByPrimaryKey" parameterType="java.lang.Integer">
        delete
        from renwu_monster
        where id = #{id,jdbcType=INTEGER}
    </delete>
    <delete id="deleteByExample" parameterType="com.fengshen.db.domain.example.RenwuMonsterExample">
        delete from renwu_monster
        <if test="_parameter != null">
            <include refid="Example_Where_Clause"/>
        </if>
    </delete>
    <insert id="insert" parameterType="com.fengshen.db.domain.RenwuMonster">
        <selectKey keyProperty="id" order="AFTER" resultType="java.lang.Integer">
            SELECT LAST_INSERT_ID()
        </selectKey>
        insert into renwu_monster (map_name, x, y,
        `name`, icon, skills,
        `type`, add_time, update_time,
        deleted)
        values (#{mapName,jdbcType=VARCHAR}, #{x,jdbcType=INTEGER}, #{y,jdbcType=INTEGER},
        #{name,jdbcType=VARCHAR}, #{icon,jdbcType=INTEGER}, #{skills,jdbcType=VARCHAR},
        #{type,jdbcType=INTEGER}, #{addTime,jdbcType=TIMESTAMP}, #{updateTime,jdbcType=TIMESTAMP},
        #{deleted,jdbcType=BIT})
    </insert>
    <insert id="insertSelective" parameterType="com.fengshen.db.domain.RenwuMonster">
        <selectKey keyProperty="id" order="AFTER" resultType="java.lang.Integer">
            SELECT LAST_INSERT_ID()
        </selectKey>
        insert into renwu_monster
        <trim prefix="(" suffix=")" suffixOverrides=",">
            <if test="mapName != null">
                map_name,
            </if>
            <if test="x != null">
                x,
            </if>
            <if test="y != null">
                y,
            </if>
            <if test="name != null">
                `name`,
            </if>
            <if test="icon != null">
                icon,
            </if>
            <if test="skills != null">
                skills,
            </if>
            <if test="type != null">
                `type`,
            </if>
            <if test="addTime != null">
                add_time,
            </if>
            <if test="updateTime != null">
                update_time,
            </if>
            <if test="deleted != null">
                deleted,
            </if>
        </trim>
        <trim prefix="values (" suffix=")" suffixOverrides=",">
            <if test="mapName != null">
                #{mapName,jdbcType=VARCHAR},
            </if>
            <if test="x != null">
                #{x,jdbcType=INTEGER},
            </if>
            <if test="y != null">
                #{y,jdbcType=INTEGER},
            </if>
            <if test="name != null">
                #{name,jdbcType=VARCHAR},
            </if>
            <if test="icon != null">
                #{icon,jdbcType=INTEGER},
            </if>
            <if test="skills != null">
                #{skills,jdbcType=VARCHAR},
            </if>
            <if test="type != null">
                #{type,jdbcType=INTEGER},
            </if>
            <if test="addTime != null">
                #{addTime,jdbcType=TIMESTAMP},
            </if>
            <if test="updateTime != null">
                #{updateTime,jdbcType=TIMESTAMP},
            </if>
            <if test="deleted != null">
                #{deleted,jdbcType=BIT},
            </if>
        </trim>
    </insert>
    <select id="countByExample" parameterType="com.fengshen.db.domain.example.RenwuMonsterExample"
            resultType="java.lang.Long">
        select count(*) from renwu_monster
        <if test="_parameter != null">
            <include refid="Example_Where_Clause"/>
        </if>
    </select>
    <update id="updateByExampleSelective" parameterType="map">
        update renwu_monster
        <set>
            <if test="record.id != null">
                id = #{record.id,jdbcType=INTEGER},
            </if>
            <if test="record.mapName != null">
                map_name = #{record.mapName,jdbcType=VARCHAR},
            </if>
            <if test="record.x != null">
                x = #{record.x,jdbcType=INTEGER},
            </if>
            <if test="record.y != null">
                y = #{record.y,jdbcType=INTEGER},
            </if>
            <if test="record.name != null">
                `name` = #{record.name,jdbcType=VARCHAR},
            </if>
            <if test="record.icon != null">
                icon = #{record.icon,jdbcType=INTEGER},
            </if>
            <if test="record.skills != null">
                skills = #{record.skills,jdbcType=VARCHAR},
            </if>
            <if test="record.type != null">
                `type` = #{record.type,jdbcType=INTEGER},
            </if>
            <if test="record.addTime != null">
                add_time = #{record.addTime,jdbcType=TIMESTAMP},
            </if>
            <if test="record.updateTime != null">
                update_time = #{record.updateTime,jdbcType=TIMESTAMP},
            </if>
            <if test="record.deleted != null">
                deleted = #{record.deleted,jdbcType=BIT},
            </if>
        </set>
        <if test="_parameter != null">
            <include refid="Update_By_Example_Where_Clause"/>
        </if>
    </update>
    <update id="updateByExample" parameterType="map">
        update renwu_monster
        set id = #{record.id,jdbcType=INTEGER},
        map_name = #{record.mapName,jdbcType=VARCHAR},
        x = #{record.x,jdbcType=INTEGER},
        y = #{record.y,jdbcType=INTEGER},
        `name` = #{record.name,jdbcType=VARCHAR},
        icon = #{record.icon,jdbcType=INTEGER},
        skills = #{record.skills,jdbcType=VARCHAR},
        `type` = #{record.type,jdbcType=INTEGER},
        add_time = #{record.addTime,jdbcType=TIMESTAMP},
        update_time = #{record.updateTime,jdbcType=TIMESTAMP},
        deleted = #{record.deleted,jdbcType=BIT}
        <if test="_parameter != null">
            <include refid="Update_By_Example_Where_Clause"/>
        </if>
    </update>
    <update id="updateByPrimaryKeySelective" parameterType="com.fengshen.db.domain.RenwuMonster">
        update renwu_monster
        <set>
            <if test="mapName != null">
                map_name = #{mapName,jdbcType=VARCHAR},
            </if>
            <if test="x != null">
                x = #{x,jdbcType=INTEGER},
            </if>
            <if test="y != null">
                y = #{y,jdbcType=INTEGER},
            </if>
            <if test="name != null">
                `name` = #{name,jdbcType=VARCHAR},
            </if>
            <if test="icon != null">
                icon = #{icon,jdbcType=INTEGER},
            </if>
            <if test="skills != null">
                skills = #{skills,jdbcType=VARCHAR},
            </if>
            <if test="type != null">
                `type` = #{type,jdbcType=INTEGER},
            </if>
            <if test="addTime != null">
                add_time = #{addTime,jdbcType=TIMESTAMP},
            </if>
            <if test="updateTime != null">
                update_time = #{updateTime,jdbcType=TIMESTAMP},
            </if>
            <if test="deleted != null">
                deleted = #{deleted,jdbcType=BIT},
            </if>
        </set>
        where id = #{id,jdbcType=INTEGER}
    </update>
    <update id="updateByPrimaryKey" parameterType="com.fengshen.db.domain.RenwuMonster">
        update renwu_monster
        set map_name    = #{mapName,jdbcType=VARCHAR},
            x           = #{x,jdbcType=INTEGER},
            y           = #{y,jdbcType=INTEGER},
            `name`      = #{name,jdbcType=VARCHAR},
            icon        = #{icon,jdbcType=INTEGER},
            skills      = #{skills,jdbcType=VARCHAR},
            `type`      = #{type,jdbcType=INTEGER},
            add_time    = #{addTime,jdbcType=TIMESTAMP},
            update_time = #{updateTime,jdbcType=TIMESTAMP},
            deleted     = #{deleted,jdbcType=BIT}
        where id = #{id,jdbcType=INTEGER}
    </update>
    <select id="selectOneByExample" parameterType="com.fengshen.db.domain.example.RenwuMonsterExample"
            resultMap="BaseResultMap">
        <!--
          WARNING - @mbg.generated
          This element is automatically generated by MyBatis Generator, do not modify.
          @project https://github.com/itfsw/mybatis-generator-plugin
        -->
        select
        <include refid="Base_Column_List"/>
        from renwu_monster
        <if test="_parameter != null">
            <include refid="Example_Where_Clause"/>
        </if>
        <if test="orderByClause != null">
            order by ${orderByClause}
        </if>
        limit 1
    </select>
    <select id="selectOneByExampleSelective" parameterType="map" resultMap="BaseResultMap">
        <!--
          WARNING - @mbg.generated
          This element is automatically generated by MyBatis Generator, do not modify.
          @project https://github.com/itfsw/mybatis-generator-plugin
        -->
        select
        <choose>
            <when test="selective != null and selective.length > 0">
                <foreach collection="selective" item="column" separator=",">
                    ${column.escapedColumnName}
                </foreach>
            </when>
            <otherwise>
                id, map_name, x, y, `name`, icon, skills, `type`, add_time, update_time, deleted
            </otherwise>
        </choose>
        from renwu_monster
        <if test="_parameter != null">
            <include refid="Update_By_Example_Where_Clause"/>
        </if>
        <if test="example.orderByClause != null">
            order by ${example.orderByClause}
        </if>
        limit 1
    </select>
    <update id="logicalDeleteByExample" parameterType="map">
        <!--
          WARNING - @mbg.generated
          This element is automatically generated by MyBatis Generator, do not modify.
          @project https://github.com/itfsw/mybatis-generator-plugin
        -->
        update renwu_monster set deleted = 1
        <if test="_parameter != null">
            <include refid="Update_By_Example_Where_Clause"/>
        </if>
    </update>
    <update id="logicalDeleteByPrimaryKey" parameterType="java.lang.Integer">
        <!--
          WARNING - @mbg.generated
          This element is automatically generated by MyBatis Generator, do not modify.
          @project https://github.com/itfsw/mybatis-generator-plugin
        -->
        update renwu_monster set deleted = 1
        where id = #{id,jdbcType=INTEGER}
    </update>

    <select id="getOneRandomRenwuMonster" resultMap="BaseResultMap" parameterType="java.lang.Integer">
        SELECT *
        FROM `renwu_monster`
        WHERE id >= (SELECT floor(RAND() * (SELECT MAX(id)
                                            FROM `renwu_monster`
        )))
          and type = #{type,jdbcType=INTEGER}
        ORDER BY id LIMIT 1

    </select>

    <select id="getOneRandomRenwuMonsterByTypeNotReplace" resultMap="BaseResultMap"
            parameterType="com.fengshen.db.domain.RenwuMonster">
        SELECT *
        FROM `renwu_monster`
        WHERE id >= (SELECT floor(RAND() * (SELECT MAX(id)
                                            FROM `renwu_monster`
        )))
          and type = #{type,jdbcType=INTEGER}
          and map_name != #{mapName,jdbcType=VARCHAR}
        ORDER BY
            id
            LIMIT 1
    </select>
</mapper>