<?xml version="1.0" encoding="UTF-8"?>
<!DOCTYPE mapper PUBLIC "-//mybatis.org//DTD Mapper 3.0//EN" "http://mybatis.org/dtd/mybatis-3-mapper.dtd">
<mapper namespace="com.fengshen.db.dao.ReportsMapper">
    <resultMap id="BaseResultMap" type="com.fengshen.db.domain.Reports">
        <id column="id" jdbcType="INTEGER" property="id"/>
        <result column="zhanghao" jdbcType="VARCHAR" property="zhanghao"/>
        <result column="yuanbaoshu" jdbcType="INTEGER" property="yuanbaoshu"/>
        <result column="shifouchongzhi" jdbcType="VARCHAR" property="shifouchongzhi"/>
        <result column="add_time" jdbcType="TIMESTAMP" property="addTime"/>
        <result column="update_time" jdbcType="TIMESTAMP" property="updateTime"/>
        <result column="deleted" jdbcType="BIT" property="deleted"/>
    </resultMap>
    <sql id="Example_Where_Clause">
        <where>
            <foreach collection="oredCriteria" item="criteria" separator="or">
                <if test="criteria.valid">
                    <trim prefix="(" prefixOverrides="and" suffix=")">
                        <foreach collection="criteria.criteria" item="criterion">
                            <choose>
                                <when test="criterion.noValue">
                                    and ${criterion.condition}
                                </when>
                                <when test="criterion.singleValue">
                                    and ${criterion.condition} #{criterion.value}
                                </when>
                                <when test="criterion.betweenValue">
                                    and ${criterion.condition} #{criterion.value} and #{criterion.secondValue}
                                </when>
                                <when test="criterion.listValue">
                                    and ${criterion.condition}
                                    <foreach close=")" collection="criterion.value" item="listItem" open="("
                                             separator=",">
                                        #{listItem}
                                    </foreach>
                                </when>
                            </choose>
                        </foreach>
                    </trim>
                </if>
            </foreach>
        </where>
    </sql>
    <sql id="Update_By_Example_Where_Clause">
        <where>
            <foreach collection="example.oredCriteria" item="criteria" separator="or">
                <if test="criteria.valid">
                    <trim prefix="(" prefixOverrides="and" suffix=")">
                        <foreach collection="criteria.criteria" item="criterion">
                            <choose>
                                <when test="criterion.noValue">
                                    and ${criterion.condition}
                                </when>
                                <when test="criterion.singleValue">
                                    and ${criterion.condition} #{criterion.value}
                                </when>
                                <when test="criterion.betweenValue">
                                    and ${criterion.condition} #{criterion.value} and #{criterion.secondValue}
                                </when>
                                <when test="criterion.listValue">
                                    and ${criterion.condition}
                                    <foreach close=")" collection="criterion.value" item="listItem" open="("
                                             separator=",">
                                        #{listItem}
                                    </foreach>
                                </when>
                            </choose>
                        </foreach>
                    </trim>
                </if>
            </foreach>
        </where>
    </sql>
    <sql id="Base_Column_List">
        id
        , zhanghao, yuanbaoshu, shifouchongzhi, add_time, update_time, deleted
    </sql>
    <select id="selectByExample" parameterType="com.fengshen.db.domain.example.ReportsExample"
            resultMap="BaseResultMap">
        select
        <if test="distinct">
            distinct
        </if>
        <include refid="Base_Column_List"/>
        from reports
        <if test="_parameter != null">
            <include refid="Example_Where_Clause"/>
        </if>
        <if test="orderByClause != null">
            order by ${orderByClause}
        </if>
    </select>
    <select id="selectByExampleSelective" parameterType="map" resultMap="BaseResultMap">
        <!--
          WARNING - @mbg.generated
          This element is automatically generated by MyBatis Generator, do not modify.
          @project https://github.com/itfsw/mybatis-generator-plugin
        -->
        select
        <if test="example.distinct">
            distinct
        </if>
        <choose>
            <when test="selective != null and selective.length > 0">
                <foreach collection="selective" item="column" separator=",">
                    ${column.escapedColumnName}
                </foreach>
            </when>
            <otherwise>
                id, zhanghao, yuanbaoshu, shifouchongzhi, add_time, update_time, deleted
            </otherwise>
        </choose>
        from reports
        <if test="_parameter != null">
            <include refid="Update_By_Example_Where_Clause"/>
        </if>
        <if test="example.orderByClause != null">
            order by ${example.orderByClause}
        </if>
    </select>
    <select id="selectByPrimaryKey" parameterType="java.lang.Integer" resultMap="BaseResultMap">
        select
        <include refid="Base_Column_List"/>
        from reports
        where id = #{id,jdbcType=INTEGER}
    </select>
    <select id="selectByPrimaryKeyWithLogicalDelete" parameterType="map" resultMap="BaseResultMap">
        <!--
          WARNING - @mbg.generated
          This element is automatically generated by MyBatis Generator, do not modify.
          @project https://github.com/itfsw/mybatis-generator-plugin
        -->
        select
        <include refid="Base_Column_List"/>
        from reports
        where id = #{id,jdbcType=INTEGER}
        and deleted =
        <choose>
            <when test="andLogicalDeleted">
                1
            </when>
            <otherwise>
                0
            </otherwise>
        </choose>
    </select>
    <select id="selectByPrimaryKeySelective" parameterType="map" resultMap="BaseResultMap">
        <!--
          WARNING - @mbg.generated
          This element is automatically generated by MyBatis Generator, do not modify.
          @project https://github.com/itfsw/mybatis-generator-plugin
        -->
        select
        <choose>
            <when test="selective != null and selective.length > 0">
                <foreach collection="selective" item="column" separator=",">
                    ${column.escapedColumnName}
                </foreach>
            </when>
            <otherwise>
                id, zhanghao, yuanbaoshu, shifouchongzhi, add_time, update_time, deleted
            </otherwise>
        </choose>
        from reports
        where id = #{id,jdbcType=INTEGER}
    </select>
    <delete id="deleteByPrimaryKey" parameterType="java.lang.Integer">
        delete
        from reports
        where id = #{id,jdbcType=INTEGER}
    </delete>
    <delete id="deleteByExample" parameterType="com.fengshen.db.domain.example.ReportsExample">
        delete from reports
        <if test="_parameter != null">
            <include refid="Example_Where_Clause"/>
        </if>
    </delete>
    <insert id="insert" parameterType="com.fengshen.db.domain.Reports">
        <selectKey keyProperty="id" order="AFTER" resultType="java.lang.Integer">
            SELECT LAST_INSERT_ID()
        </selectKey>
        insert into reports (zhanghao, yuanbaoshu, shifouchongzhi,
        add_time, update_time, deleted
        )
        values (#{zhanghao,jdbcType=VARCHAR}, #{yuanbaoshu,jdbcType=INTEGER}, #{shifouchongzhi,jdbcType=VARCHAR},
        #{addTime,jdbcType=TIMESTAMP}, #{updateTime,jdbcType=TIMESTAMP}, #{deleted,jdbcType=BIT}
        )
    </insert>
    <insert id="insertSelective" parameterType="com.fengshen.db.domain.Reports">
        <selectKey keyProperty="id" order="AFTER" resultType="java.lang.Integer">
            SELECT LAST_INSERT_ID()
        </selectKey>
        insert into reports
        <trim prefix="(" suffix=")" suffixOverrides=",">
            <if test="zhanghao != null">
                zhanghao,
            </if>
            <if test="yuanbaoshu != null">
                yuanbaoshu,
            </if>
            <if test="shifouchongzhi != null">
                shifouchongzhi,
            </if>
            <if test="addTime != null">
                add_time,
            </if>
            <if test="updateTime != null">
                update_time,
            </if>
            <if test="deleted != null">
                deleted,
            </if>
        </trim>
        <trim prefix="values (" suffix=")" suffixOverrides=",">
            <if test="zhanghao != null">
                #{zhanghao,jdbcType=VARCHAR},
            </if>
            <if test="yuanbaoshu != null">
                #{yuanbaoshu,jdbcType=INTEGER},
            </if>
            <if test="shifouchongzhi != null">
                #{shifouchongzhi,jdbcType=VARCHAR},
            </if>
            <if test="addTime != null">
                #{addTime,jdbcType=TIMESTAMP},
            </if>
            <if test="updateTime != null">
                #{updateTime,jdbcType=TIMESTAMP},
            </if>
            <if test="deleted != null">
                #{deleted,jdbcType=BIT},
            </if>
        </trim>
    </insert>
    <select id="countByExample" parameterType="com.fengshen.db.domain.example.ReportsExample"
            resultType="java.lang.Long">
        select count(*) from reports
        <if test="_parameter != null">
            <include refid="Example_Where_Clause"/>
        </if>
    </select>
    <update id="updateByExampleSelective" parameterType="map">
        update reports
        <set>
            <if test="record.id != null">
                id = #{record.id,jdbcType=INTEGER},
            </if>
            <if test="record.zhanghao != null">
                zhanghao = #{record.zhanghao,jdbcType=VARCHAR},
            </if>
            <if test="record.yuanbaoshu != null">
                yuanbaoshu = #{record.yuanbaoshu,jdbcType=INTEGER},
            </if>
            <if test="record.shifouchongzhi != null">
                shifouchongzhi = #{record.shifouchongzhi,jdbcType=VARCHAR},
            </if>
            <if test="record.addTime != null">
                add_time = #{record.addTime,jdbcType=TIMESTAMP},
            </if>
            <if test="record.updateTime != null">
                update_time = #{record.updateTime,jdbcType=TIMESTAMP},
            </if>
            <if test="record.deleted != null">
                deleted = #{record.deleted,jdbcType=BIT},
            </if>
        </set>
        <if test="_parameter != null">
            <include refid="Update_By_Example_Where_Clause"/>
        </if>
    </update>
    <update id="updateByExample" parameterType="map">
        update reports
        set id = #{record.id,jdbcType=INTEGER},
        zhanghao = #{record.zhanghao,jdbcType=VARCHAR},
        yuanbaoshu = #{record.yuanbaoshu,jdbcType=INTEGER},
        shifouchongzhi = #{record.shifouchongzhi,jdbcType=VARCHAR},
        add_time = #{record.addTime,jdbcType=TIMESTAMP},
        update_time = #{record.updateTime,jdbcType=TIMESTAMP},
        deleted = #{record.deleted,jdbcType=BIT}
        <if test="_parameter != null">
            <include refid="Update_By_Example_Where_Clause"/>
        </if>
    </update>
    <update id="updateByPrimaryKeySelective" parameterType="com.fengshen.db.domain.Reports">
        update reports
        <set>
            <if test="zhanghao != null">
                zhanghao = #{zhanghao,jdbcType=VARCHAR},
            </if>
            <if test="yuanbaoshu != null">
                yuanbaoshu = #{yuanbaoshu,jdbcType=INTEGER},
            </if>
            <if test="shifouchongzhi != null">
                shifouchongzhi = #{shifouchongzhi,jdbcType=VARCHAR},
            </if>
            <if test="addTime != null">
                add_time = #{addTime,jdbcType=TIMESTAMP},
            </if>
            <if test="updateTime != null">
                update_time = #{updateTime,jdbcType=TIMESTAMP},
            </if>
            <if test="deleted != null">
                deleted = #{deleted,jdbcType=BIT},
            </if>
        </set>
        where id = #{id,jdbcType=INTEGER}
    </update>
    <update id="updateByPrimaryKey" parameterType="com.fengshen.db.domain.Reports">
        update reports
        set zhanghao       = #{zhanghao,jdbcType=VARCHAR},
            yuanbaoshu     = #{yuanbaoshu,jdbcType=INTEGER},
            shifouchongzhi = #{shifouchongzhi,jdbcType=VARCHAR},
            add_time       = #{addTime,jdbcType=TIMESTAMP},
            update_time    = #{updateTime,jdbcType=TIMESTAMP},
            deleted        = #{deleted,jdbcType=BIT}
        where id = #{id,jdbcType=INTEGER}
    </update>
    <select id="selectOneByExample" parameterType="com.fengshen.db.domain.example.ReportsExample"
            resultMap="BaseResultMap">
        <!--
          WARNING - @mbg.generated
          This element is automatically generated by MyBatis Generator, do not modify.
          @project https://github.com/itfsw/mybatis-generator-plugin
        -->
        select
        <include refid="Base_Column_List"/>
        from reports
        <if test="_parameter != null">
            <include refid="Example_Where_Clause"/>
        </if>
        <if test="orderByClause != null">
            order by ${orderByClause}
        </if>
        limit 1
    </select>
    <select id="selectOneByExampleSelective" parameterType="map" resultMap="BaseResultMap">
        <!--
          WARNING - @mbg.generated
          This element is automatically generated by MyBatis Generator, do not modify.
          @project https://github.com/itfsw/mybatis-generator-plugin
        -->
        select
        <choose>
            <when test="selective != null and selective.length > 0">
                <foreach collection="selective" item="column" separator=",">
                    ${column.escapedColumnName}
                </foreach>
            </when>
            <otherwise>
                id, zhanghao, yuanbaoshu, shifouchongzhi, add_time, update_time, deleted
            </otherwise>
        </choose>
        from reports
        <if test="_parameter != null">
            <include refid="Update_By_Example_Where_Clause"/>
        </if>
        <if test="example.orderByClause != null">
            order by ${example.orderByClause}
        </if>
        limit 1
    </select>
    <update id="logicalDeleteByExample" parameterType="map">
        <!--
          WARNING - @mbg.generated
          This element is automatically generated by MyBatis Generator, do not modify.
          @project https://github.com/itfsw/mybatis-generator-plugin
        -->
        update reports set deleted = 1
        <if test="_parameter != null">
            <include refid="Update_By_Example_Where_Clause"/>
        </if>
    </update>
    <update id="logicalDeleteByPrimaryKey" parameterType="java.lang.Integer">
        <!--
          WARNING - @mbg.generated
          This element is automatically generated by MyBatis Generator, do not modify.
          @project https://github.com/itfsw/mybatis-generator-plugin
        -->
        update reports set deleted = 1
        where id = #{id,jdbcType=INTEGER}
    </update>
</mapper>