<?xml version="1.0" encoding="UTF-8"?>
<!DOCTYPE mapper PUBLIC "-//mybatis.org//DTD Mapper 3.0//EN" "http://mybatis.org/dtd/mybatis-3-mapper.dtd">
<mapper namespace="com.fengshen.db.dao.SaleClassifyGoodMapper">
    <resultMap id="BaseResultMap" type="com.fengshen.db.domain.SaleClassifyGood">
        <id column="id" jdbcType="INTEGER" property="id"/>
        <result column="icon" jdbcType="INTEGER" property="icon"/>
        <result column="name" jdbcType="VARCHAR" property="name"/>
        <result column="price" jdbcType="INTEGER" property="price"/>
        <result column="compose" jdbcType="VARCHAR" property="compose"/>
        <result column="publicity_time" jdbcType="INTEGER" property="publicityTime"/>
        <result column="add_time" jdbcType="TIMESTAMP" property="addTime"/>
        <result column="update_time" jdbcType="TIMESTAMP" property="updateTime"/>
        <result column="deleted" jdbcType="BIT" property="deleted"/>
    </resultMap>

</mapper>