<?xml version="1.0" encoding="UTF-8"?>
<!DOCTYPE mapper PUBLIC "-//mybatis.org//DTD Mapper 3.0//EN" "http://mybatis.org/dtd/mybatis-3-mapper.dtd">
<mapper namespace="com.fengshen.db.dao.ShidaoHistoryteamMapper">
    <resultMap id="BaseResultMap" type="com.fengshen.db.domain.ShidaoHistoryteam">
        <id column="id" jdbcType="INTEGER" property="id"/>
        <result column="shidao_history_id" jdbcType="INTEGER" property="shidaoHistoryId"/>
        <result column="name" jdbcType="VARCHAR" property="name"/>
        <result column="level" jdbcType="INTEGER" property="level"/>
        <result column="family" jdbcType="INTEGER" property="family"/>
        <result column="gid" jdbcType="VARCHAR" property="gid"/>
        <result column="icon" jdbcType="INTEGER" property="icon"/>
    </resultMap>
</mapper>