<?xml version="1.0" encoding="UTF-8"?>
<!DOCTYPE mapper PUBLIC "-//mybatis.org//DTD Mapper 3.0//EN" "http://mybatis.org/dtd/mybatis-3-mapper.dtd">
<mapper namespace="com.fengshen.db.dao.ShowTasksMapper">
    <resultMap id="BaseResultMap" type="com.fengshen.db.domain.ShowTasks">
        <id column="id" jdbcType="INTEGER" property="id"/>
        <result column="task_type" jdbcType="VARCHAR" property="taskType"/>
        <result column="task_desc" jdbcType="VARCHAR" property="taskDesc"/>
        <result column="task_prompt" jdbcType="VARCHAR" property="taskPrompt"/>
        <result column="refresh" jdbcType="INTEGER" property="refresh"/>
        <result column="task_end_time" jdbcType="INTEGER" property="taskEndTime"/>
        <result column="attrib" jdbcType="INTEGER" property="attrib"/>
        <result column="reward" jdbcType="VARCHAR" property="reward"/>
        <result column="show_name" jdbcType="VARCHAR" property="showName"/>
        <result column="tasktask_extra_para" jdbcType="VARCHAR" property="tasktaskExtraPara"/>
        <result column="tasktask_state" jdbcType="INTEGER" property="tasktaskState"/>
        <result column="add_time" jdbcType="TIMESTAMP" property="addTime"/>
        <result column="update_time" jdbcType="TIMESTAMP" property="updateTime"/>
        <result column="deleted" jdbcType="BIT" property="deleted"/>
    </resultMap>
    <sql id="Example_Where_Clause">
        <where>
            <foreach collection="oredCriteria" item="criteria" separator="or">
                <if test="criteria.valid">
                    <trim prefix="(" prefixOverrides="and" suffix=")">
                        <foreach collection="criteria.criteria" item="criterion">
                            <choose>
                                <when test="criterion.noValue">
                                    and ${criterion.condition}
                                </when>
                                <when test="criterion.singleValue">
                                    and ${criterion.condition} #{criterion.value}
                                </when>
                                <when test="criterion.betweenValue">
                                    and ${criterion.condition} #{criterion.value} and #{criterion.secondValue}
                                </when>
                                <when test="criterion.listValue">
                                    and ${criterion.condition}
                                    <foreach close=")" collection="criterion.value" item="listItem" open="("
                                             separator=",">
                                        #{listItem}
                                    </foreach>
                                </when>
                            </choose>
                        </foreach>
                    </trim>
                </if>
            </foreach>
        </where>
    </sql>
    <sql id="Update_By_Example_Where_Clause">
        <where>
            <foreach collection="example.oredCriteria" item="criteria" separator="or">
                <if test="criteria.valid">
                    <trim prefix="(" prefixOverrides="and" suffix=")">
                        <foreach collection="criteria.criteria" item="criterion">
                            <choose>
                                <when test="criterion.noValue">
                                    and ${criterion.condition}
                                </when>
                                <when test="criterion.singleValue">
                                    and ${criterion.condition} #{criterion.value}
                                </when>
                                <when test="criterion.betweenValue">
                                    and ${criterion.condition} #{criterion.value} and #{criterion.secondValue}
                                </when>
                                <when test="criterion.listValue">
                                    and ${criterion.condition}
                                    <foreach close=")" collection="criterion.value" item="listItem" open="("
                                             separator=",">
                                        #{listItem}
                                    </foreach>
                                </when>
                            </choose>
                        </foreach>
                    </trim>
                </if>
            </foreach>
        </where>
    </sql>
    <sql id="Base_Column_List">
        id
        , task_type, task_desc, task_prompt, refresh, task_end_time, attrib, reward, show_name,
    tasktask_extra_para, tasktask_state, add_time, update_time, deleted
    </sql>
    <select id="selectByExample" parameterType="com.fengshen.db.domain.example.ShowTasksExample"
            resultMap="BaseResultMap">
        select
        <if test="distinct">
            distinct
        </if>
        <include refid="Base_Column_List"/>
        from show_tasks
        <if test="_parameter != null">
            <include refid="Example_Where_Clause"/>
        </if>
        <if test="orderByClause != null">
            order by ${orderByClause}
        </if>
    </select>
    <select id="selectByExampleSelective" parameterType="map" resultMap="BaseResultMap">
        <!--
          WARNING - @mbg.generated
          This element is automatically generated by MyBatis Generator, do not modify.
          @project https://github.com/itfsw/mybatis-generator-plugin
        -->
        select
        <if test="example.distinct">
            distinct
        </if>
        <choose>
            <when test="selective != null and selective.length > 0">
                <foreach collection="selective" item="column" separator=",">
                    ${column.escapedColumnName}
                </foreach>
            </when>
            <otherwise>
                id, task_type, task_desc, task_prompt, refresh, task_end_time, attrib, reward, show_name,
                tasktask_extra_para, tasktask_state, add_time, update_time, deleted
            </otherwise>
        </choose>
        from show_tasks
        <if test="_parameter != null">
            <include refid="Update_By_Example_Where_Clause"/>
        </if>
        <if test="example.orderByClause != null">
            order by ${example.orderByClause}
        </if>
    </select>
    <select id="selectByPrimaryKey" parameterType="java.lang.Integer" resultMap="BaseResultMap">
        select
        <include refid="Base_Column_List"/>
        from show_tasks
        where id = #{id,jdbcType=INTEGER}
    </select>
    <select id="selectByPrimaryKeyWithLogicalDelete" parameterType="map" resultMap="BaseResultMap">
        <!--
          WARNING - @mbg.generated
          This element is automatically generated by MyBatis Generator, do not modify.
          @project https://github.com/itfsw/mybatis-generator-plugin
        -->
        select
        <include refid="Base_Column_List"/>
        from show_tasks
        where id = #{id,jdbcType=INTEGER}
        and deleted =
        <choose>
            <when test="andLogicalDeleted">
                1
            </when>
            <otherwise>
                0
            </otherwise>
        </choose>
    </select>
    <select id="selectByPrimaryKeySelective" parameterType="map" resultMap="BaseResultMap">
        <!--
          WARNING - @mbg.generated
          This element is automatically generated by MyBatis Generator, do not modify.
          @project https://github.com/itfsw/mybatis-generator-plugin
        -->
        select
        <choose>
            <when test="selective != null and selective.length > 0">
                <foreach collection="selective" item="column" separator=",">
                    ${column.escapedColumnName}
                </foreach>
            </when>
            <otherwise>
                id, task_type, task_desc, task_prompt, refresh, task_end_time, attrib, reward, show_name,
                tasktask_extra_para, tasktask_state, add_time, update_time, deleted
            </otherwise>
        </choose>
        from show_tasks
        where id = #{id,jdbcType=INTEGER}
    </select>
    <delete id="deleteByPrimaryKey" parameterType="java.lang.Integer">
        delete
        from show_tasks
        where id = #{id,jdbcType=INTEGER}
    </delete>
    <delete id="deleteByExample" parameterType="com.fengshen.db.domain.example.ShowTasksExample">
        delete from show_tasks
        <if test="_parameter != null">
            <include refid="Example_Where_Clause"/>
        </if>
    </delete>
    <insert id="insert" parameterType="com.fengshen.db.domain.ShowTasks">
        <selectKey keyProperty="id" order="AFTER" resultType="java.lang.Integer">
            SELECT LAST_INSERT_ID()
        </selectKey>
        insert into show_tasks (task_type, task_desc, task_prompt,
        refresh, task_end_time, attrib,
        reward, show_name, tasktask_extra_para,
        tasktask_state, add_time, update_time,
        deleted)
        values (#{taskType,jdbcType=VARCHAR}, #{taskDesc,jdbcType=VARCHAR}, #{taskPrompt,jdbcType=VARCHAR},
        #{refresh,jdbcType=INTEGER}, #{taskEndTime,jdbcType=INTEGER}, #{attrib,jdbcType=INTEGER},
        #{reward,jdbcType=VARCHAR}, #{showName,jdbcType=VARCHAR}, #{tasktaskExtraPara,jdbcType=VARCHAR},
        #{tasktaskState,jdbcType=INTEGER}, #{addTime,jdbcType=TIMESTAMP}, #{updateTime,jdbcType=TIMESTAMP},
        #{deleted,jdbcType=BIT})
    </insert>
    <insert id="insertSelective" parameterType="com.fengshen.db.domain.ShowTasks">
        <selectKey keyProperty="id" order="AFTER" resultType="java.lang.Integer">
            SELECT LAST_INSERT_ID()
        </selectKey>
        insert into show_tasks
        <trim prefix="(" suffix=")" suffixOverrides=",">
            <if test="taskType != null">
                task_type,
            </if>
            <if test="taskDesc != null">
                task_desc,
            </if>
            <if test="taskPrompt != null">
                task_prompt,
            </if>
            <if test="refresh != null">
                refresh,
            </if>
            <if test="taskEndTime != null">
                task_end_time,
            </if>
            <if test="attrib != null">
                attrib,
            </if>
            <if test="reward != null">
                reward,
            </if>
            <if test="showName != null">
                show_name,
            </if>
            <if test="tasktaskExtraPara != null">
                tasktask_extra_para,
            </if>
            <if test="tasktaskState != null">
                tasktask_state,
            </if>
            <if test="addTime != null">
                add_time,
            </if>
            <if test="updateTime != null">
                update_time,
            </if>
            <if test="deleted != null">
                deleted,
            </if>
        </trim>
        <trim prefix="values (" suffix=")" suffixOverrides=",">
            <if test="taskType != null">
                #{taskType,jdbcType=VARCHAR},
            </if>
            <if test="taskDesc != null">
                #{taskDesc,jdbcType=VARCHAR},
            </if>
            <if test="taskPrompt != null">
                #{taskPrompt,jdbcType=VARCHAR},
            </if>
            <if test="refresh != null">
                #{refresh,jdbcType=INTEGER},
            </if>
            <if test="taskEndTime != null">
                #{taskEndTime,jdbcType=INTEGER},
            </if>
            <if test="attrib != null">
                #{attrib,jdbcType=INTEGER},
            </if>
            <if test="reward != null">
                #{reward,jdbcType=VARCHAR},
            </if>
            <if test="showName != null">
                #{showName,jdbcType=VARCHAR},
            </if>
            <if test="tasktaskExtraPara != null">
                #{tasktaskExtraPara,jdbcType=VARCHAR},
            </if>
            <if test="tasktaskState != null">
                #{tasktaskState,jdbcType=INTEGER},
            </if>
            <if test="addTime != null">
                #{addTime,jdbcType=TIMESTAMP},
            </if>
            <if test="updateTime != null">
                #{updateTime,jdbcType=TIMESTAMP},
            </if>
            <if test="deleted != null">
                #{deleted,jdbcType=BIT},
            </if>
        </trim>
    </insert>
    <select id="countByExample" parameterType="com.fengshen.db.domain.example.ShowTasksExample"
            resultType="java.lang.Long">
        select count(*) from show_tasks
        <if test="_parameter != null">
            <include refid="Example_Where_Clause"/>
        </if>
    </select>
    <update id="updateByExampleSelective" parameterType="map">
        update show_tasks
        <set>
            <if test="record.id != null">
                id = #{record.id,jdbcType=INTEGER},
            </if>
            <if test="record.taskType != null">
                task_type = #{record.taskType,jdbcType=VARCHAR},
            </if>
            <if test="record.taskDesc != null">
                task_desc = #{record.taskDesc,jdbcType=VARCHAR},
            </if>
            <if test="record.taskPrompt != null">
                task_prompt = #{record.taskPrompt,jdbcType=VARCHAR},
            </if>
            <if test="record.refresh != null">
                refresh = #{record.refresh,jdbcType=INTEGER},
            </if>
            <if test="record.taskEndTime != null">
                task_end_time = #{record.taskEndTime,jdbcType=INTEGER},
            </if>
            <if test="record.attrib != null">
                attrib = #{record.attrib,jdbcType=INTEGER},
            </if>
            <if test="record.reward != null">
                reward = #{record.reward,jdbcType=VARCHAR},
            </if>
            <if test="record.showName != null">
                show_name = #{record.showName,jdbcType=VARCHAR},
            </if>
            <if test="record.tasktaskExtraPara != null">
                tasktask_extra_para = #{record.tasktaskExtraPara,jdbcType=VARCHAR},
            </if>
            <if test="record.tasktaskState != null">
                tasktask_state = #{record.tasktaskState,jdbcType=INTEGER},
            </if>
            <if test="record.addTime != null">
                add_time = #{record.addTime,jdbcType=TIMESTAMP},
            </if>
            <if test="record.updateTime != null">
                update_time = #{record.updateTime,jdbcType=TIMESTAMP},
            </if>
            <if test="record.deleted != null">
                deleted = #{record.deleted,jdbcType=BIT},
            </if>
        </set>
        <if test="_parameter != null">
            <include refid="Update_By_Example_Where_Clause"/>
        </if>
    </update>
    <update id="updateByExample" parameterType="map">
        update show_tasks
        set id = #{record.id,jdbcType=INTEGER},
        task_type = #{record.taskType,jdbcType=VARCHAR},
        task_desc = #{record.taskDesc,jdbcType=VARCHAR},
        task_prompt = #{record.taskPrompt,jdbcType=VARCHAR},
        refresh = #{record.refresh,jdbcType=INTEGER},
        task_end_time = #{record.taskEndTime,jdbcType=INTEGER},
        attrib = #{record.attrib,jdbcType=INTEGER},
        reward = #{record.reward,jdbcType=VARCHAR},
        show_name = #{record.showName,jdbcType=VARCHAR},
        tasktask_extra_para = #{record.tasktaskExtraPara,jdbcType=VARCHAR},
        tasktask_state = #{record.tasktaskState,jdbcType=INTEGER},
        add_time = #{record.addTime,jdbcType=TIMESTAMP},
        update_time = #{record.updateTime,jdbcType=TIMESTAMP},
        deleted = #{record.deleted,jdbcType=BIT}
        <if test="_parameter != null">
            <include refid="Update_By_Example_Where_Clause"/>
        </if>
    </update>
    <update id="updateByPrimaryKeySelective" parameterType="com.fengshen.db.domain.ShowTasks">
        update show_tasks
        <set>
            <if test="taskType != null">
                task_type = #{taskType,jdbcType=VARCHAR},
            </if>
            <if test="taskDesc != null">
                task_desc = #{taskDesc,jdbcType=VARCHAR},
            </if>
            <if test="taskPrompt != null">
                task_prompt = #{taskPrompt,jdbcType=VARCHAR},
            </if>
            <if test="refresh != null">
                refresh = #{refresh,jdbcType=INTEGER},
            </if>
            <if test="taskEndTime != null">
                task_end_time = #{taskEndTime,jdbcType=INTEGER},
            </if>
            <if test="attrib != null">
                attrib = #{attrib,jdbcType=INTEGER},
            </if>
            <if test="reward != null">
                reward = #{reward,jdbcType=VARCHAR},
            </if>
            <if test="showName != null">
                show_name = #{showName,jdbcType=VARCHAR},
            </if>
            <if test="tasktaskExtraPara != null">
                tasktask_extra_para = #{tasktaskExtraPara,jdbcType=VARCHAR},
            </if>
            <if test="tasktaskState != null">
                tasktask_state = #{tasktaskState,jdbcType=INTEGER},
            </if>
            <if test="addTime != null">
                add_time = #{addTime,jdbcType=TIMESTAMP},
            </if>
            <if test="updateTime != null">
                update_time = #{updateTime,jdbcType=TIMESTAMP},
            </if>
            <if test="deleted != null">
                deleted = #{deleted,jdbcType=BIT},
            </if>
        </set>
        where id = #{id,jdbcType=INTEGER}
    </update>
    <update id="updateByPrimaryKey" parameterType="com.fengshen.db.domain.ShowTasks">
        update show_tasks
        set task_type           = #{taskType,jdbcType=VARCHAR},
            task_desc           = #{taskDesc,jdbcType=VARCHAR},
            task_prompt         = #{taskPrompt,jdbcType=VARCHAR},
            refresh             = #{refresh,jdbcType=INTEGER},
            task_end_time       = #{taskEndTime,jdbcType=INTEGER},
            attrib              = #{attrib,jdbcType=INTEGER},
            reward              = #{reward,jdbcType=VARCHAR},
            show_name           = #{showName,jdbcType=VARCHAR},
            tasktask_extra_para = #{tasktaskExtraPara,jdbcType=VARCHAR},
            tasktask_state      = #{tasktaskState,jdbcType=INTEGER},
            add_time            = #{addTime,jdbcType=TIMESTAMP},
            update_time         = #{updateTime,jdbcType=TIMESTAMP},
            deleted             = #{deleted,jdbcType=BIT}
        where id = #{id,jdbcType=INTEGER}
    </update>
    <select id="selectOneByExample" parameterType="com.fengshen.db.domain.example.ShowTasksExample"
            resultMap="BaseResultMap">
        <!--
          WARNING - @mbg.generated
          This element is automatically generated by MyBatis Generator, do not modify.
          @project https://github.com/itfsw/mybatis-generator-plugin
        -->
        select
        <include refid="Base_Column_List"/>
        from show_tasks
        <if test="_parameter != null">
            <include refid="Example_Where_Clause"/>
        </if>
        <if test="orderByClause != null">
            order by ${orderByClause}
        </if>
        limit 1
    </select>
    <select id="selectOneByExampleSelective" parameterType="map" resultMap="BaseResultMap">
        <!--
          WARNING - @mbg.generated
          This element is automatically generated by MyBatis Generator, do not modify.
          @project https://github.com/itfsw/mybatis-generator-plugin
        -->
        select
        <choose>
            <when test="selective != null and selective.length > 0">
                <foreach collection="selective" item="column" separator=",">
                    ${column.escapedColumnName}
                </foreach>
            </when>
            <otherwise>
                id, task_type, task_desc, task_prompt, refresh, task_end_time, attrib, reward, show_name,
                tasktask_extra_para, tasktask_state, add_time, update_time, deleted
            </otherwise>
        </choose>
        from show_tasks
        <if test="_parameter != null">
            <include refid="Update_By_Example_Where_Clause"/>
        </if>
        <if test="example.orderByClause != null">
            order by ${example.orderByClause}
        </if>
        limit 1
    </select>
    <update id="logicalDeleteByExample" parameterType="map">
        <!--
          WARNING - @mbg.generated
          This element is automatically generated by MyBatis Generator, do not modify.
          @project https://github.com/itfsw/mybatis-generator-plugin
        -->
        update show_tasks set deleted = 1
        <if test="_parameter != null">
            <include refid="Update_By_Example_Where_Clause"/>
        </if>
    </update>
    <update id="logicalDeleteByPrimaryKey" parameterType="java.lang.Integer">
        <!--
          WARNING - @mbg.generated
          This element is automatically generated by MyBatis Generator, do not modify.
          @project https://github.com/itfsw/mybatis-generator-plugin
        -->
        update show_tasks set deleted = 1
        where id = #{id,jdbcType=INTEGER}
    </update>
</mapper>