<?xml version="1.0" encoding="UTF-8"?>
<!DOCTYPE mapper PUBLIC "-//mybatis.org//DTD Mapper 3.0//EN" "http://mybatis.org/dtd/mybatis-3-mapper.dtd">
<mapper namespace="com.fengshen.db.dao.SkillsMapper">
    <resultMap id="BaseResultMap" type="com.fengshen.db.domain.Skills">
        <id column="id" jdbcType="INTEGER" property="id"/>
        <result column="skill_id_hex" jdbcType="VARCHAR" property="skillIdHex"/>
        <result column="skill_name" jdbcType="VARCHAR" property="skillName"/>
        <result column="skill_req_polar" jdbcType="INTEGER" property="skillReqpolar"/>
        <result column="skill_type" jdbcType="INTEGER" property="skillType"/>
        <result column="skill_type_level" jdbcType="INTEGER" property="skillTypeLevel"/>
        <result column="skill_magic" jdbcType="INTEGER" property="skillMagic"/>
        <result column="skill_req_level" jdbcType="INTEGER" property="skillReqLevel"/>
        <result column="skill_context" jdbcType="VARCHAR" property="skillContext"/>
        <result column="add_time" jdbcType="TIMESTAMP" property="addTime"/>
        <result column="update_time" jdbcType="TIMESTAMP" property="updateTime"/>
        <result column="deleted" jdbcType="BIT" property="deleted"/>
    </resultMap>
    <sql id="Example_Where_Clause">
        <where>
            <foreach collection="oredCriteria" item="criteria" separator="or">
                <if test="criteria.valid">
                    <trim prefix="(" prefixOverrides="and" suffix=")">
                        <foreach collection="criteria.criteria" item="criterion">
                            <choose>
                                <when test="criterion.noValue">
                                    and ${criterion.condition}
                                </when>
                                <when test="criterion.singleValue">
                                    and ${criterion.condition} #{criterion.value}
                                </when>
                                <when test="criterion.betweenValue">
                                    and ${criterion.condition} #{criterion.value} and #{criterion.secondValue}
                                </when>
                                <when test="criterion.listValue">
                                    and ${criterion.condition}
                                    <foreach close=")" collection="criterion.value" item="listItem" open="("
                                             separator=",">
                                        #{listItem}
                                    </foreach>
                                </when>
                            </choose>
                        </foreach>
                    </trim>
                </if>
            </foreach>
        </where>
    </sql>
    <sql id="Update_By_Example_Where_Clause">
        <where>
            <foreach collection="example.oredCriteria" item="criteria" separator="or">
                <if test="criteria.valid">
                    <trim prefix="(" prefixOverrides="and" suffix=")">
                        <foreach collection="criteria.criteria" item="criterion">
                            <choose>
                                <when test="criterion.noValue">
                                    and ${criterion.condition}
                                </when>
                                <when test="criterion.singleValue">
                                    and ${criterion.condition} #{criterion.value}
                                </when>
                                <when test="criterion.betweenValue">
                                    and ${criterion.condition} #{criterion.value} and #{criterion.secondValue}
                                </when>
                                <when test="criterion.listValue">
                                    and ${criterion.condition}
                                    <foreach close=")" collection="criterion.value" item="listItem" open="("
                                             separator=",">
                                        #{listItem}
                                    </foreach>
                                </when>
                            </choose>
                        </foreach>
                    </trim>
                </if>
            </foreach>
        </where>
    </sql>
    <sql id="Base_Column_List">
        id
        , skill_id_hex, skill_name, skill_req_polar, skill_type, skill_type_level, skill_magic,
    skill_req_level, skill_context, add_time, update_time, deleted
    </sql>
    <select id="selectByExample" parameterType="com.fengshen.db.domain.example.SkillsExample" resultMap="BaseResultMap">
        select
        <if test="distinct">
            distinct
        </if>
        <include refid="Base_Column_List"/>
        from skills
        <if test="_parameter != null">
            <include refid="Example_Where_Clause"/>
        </if>
        <if test="orderByClause != null">
            order by ${orderByClause}
        </if>
    </select>
    <select id="selectByExampleSelective" parameterType="map" resultMap="BaseResultMap">
        <!--
          WARNING - @mbg.generated
          This element is automatically generated by MyBatis Generator, do not modify.
          @project https://github.com/itfsw/mybatis-generator-plugin
        -->
        select
        <if test="example.distinct">
            distinct
        </if>
        <choose>
            <when test="selective != null and selective.length > 0">
                <foreach collection="selective" item="column" separator=",">
                    ${column.escapedColumnName}
                </foreach>
            </when>
            <otherwise>
                id, skill_id_hex, skill_name, skill_req_polar, skill_type, skill_type_level, skill_magic,
                skill_req_level, skill_context, add_time, update_time, deleted
            </otherwise>
        </choose>
        from skills
        <if test="_parameter != null">
            <include refid="Update_By_Example_Where_Clause"/>
        </if>
        <if test="example.orderByClause != null">
            order by ${example.orderByClause}
        </if>
    </select>
    <select id="selectByPrimaryKey" parameterType="java.lang.Integer" resultMap="BaseResultMap">
        select
        <include refid="Base_Column_List"/>
        from skills
        where id = #{id,jdbcType=INTEGER}
    </select>
    <select id="selectByPrimaryKeyWithLogicalDelete" parameterType="map" resultMap="BaseResultMap">
        <!--
          WARNING - @mbg.generated
          This element is automatically generated by MyBatis Generator, do not modify.
          @project https://github.com/itfsw/mybatis-generator-plugin
        -->
        select
        <include refid="Base_Column_List"/>
        from skills
        where id = #{id,jdbcType=INTEGER}
        and deleted =
        <choose>
            <when test="andLogicalDeleted">
                1
            </when>
            <otherwise>
                0
            </otherwise>
        </choose>
    </select>
    <select id="selectByPrimaryKeySelective" parameterType="map" resultMap="BaseResultMap">
        <!--
          WARNING - @mbg.generated
          This element is automatically generated by MyBatis Generator, do not modify.
          @project https://github.com/itfsw/mybatis-generator-plugin
        -->
        select
        <choose>
            <when test="selective != null and selective.length > 0">
                <foreach collection="selective" item="column" separator=",">
                    ${column.escapedColumnName}
                </foreach>
            </when>
            <otherwise>
                id, skill_id_hex, skill_name, skill_req_polar, skill_type, skill_type_level, skill_magic,
                skill_req_level, skill_context, add_time, update_time, deleted
            </otherwise>
        </choose>
        from skills
        where id = #{id,jdbcType=INTEGER}
    </select>
    <delete id="deleteByPrimaryKey" parameterType="java.lang.Integer">
        delete
        from skills
        where id = #{id,jdbcType=INTEGER}
    </delete>
    <delete id="deleteByExample" parameterType="com.fengshen.db.domain.example.SkillsExample">
        delete from skills
        <if test="_parameter != null">
            <include refid="Example_Where_Clause"/>
        </if>
    </delete>
    <insert id="insert" parameterType="com.fengshen.db.domain.Skills">
        <selectKey keyProperty="id" order="AFTER" resultType="java.lang.Integer">
            SELECT LAST_INSERT_ID()
        </selectKey>
        insert into skills (skill_id_hex, skill_name, skill_req_polar,
        skill_type, skill_type_level, skill_magic,
        skill_req_level, skill_context, add_time,
        update_time, deleted)
        values (#{skillIdHex,jdbcType=VARCHAR}, #{skillName,jdbcType=VARCHAR}, #{skillReqpolar,jdbcType=INTEGER},
        #{skillType,jdbcType=INTEGER}, #{skillTypeLevel,jdbcType=INTEGER}, #{skillMagic,jdbcType=INTEGER},
        #{skillReqLevel,jdbcType=INTEGER}, #{skillContext,jdbcType=VARCHAR}, #{addTime,jdbcType=TIMESTAMP},
        #{updateTime,jdbcType=TIMESTAMP}, #{deleted,jdbcType=BIT})
    </insert>
    <insert id="insertSelective" parameterType="com.fengshen.db.domain.Skills">
        <selectKey keyProperty="id" order="AFTER" resultType="java.lang.Integer">
            SELECT LAST_INSERT_ID()
        </selectKey>
        insert into skills
        <trim prefix="(" suffix=")" suffixOverrides=",">
            <if test="skillIdHex != null">
                skill_id_hex,
            </if>
            <if test="skillName != null">
                skill_name,
            </if>
            <if test="skillReqpolar != null">
                skill_req_polar,
            </if>
            <if test="skillType != null">
                skill_type,
            </if>
            <if test="skillTypeLevel != null">
                skill_type_level,
            </if>
            <if test="skillMagic != null">
                skill_magic,
            </if>
            <if test="skillReqLevel != null">
                skill_req_level,
            </if>
            <if test="skillContext != null">
                skill_context,
            </if>
            <if test="addTime != null">
                add_time,
            </if>
            <if test="updateTime != null">
                update_time,
            </if>
            <if test="deleted != null">
                deleted,
            </if>
        </trim>
        <trim prefix="values (" suffix=")" suffixOverrides=",">
            <if test="skillIdHex != null">
                #{skillIdHex,jdbcType=VARCHAR},
            </if>
            <if test="skillName != null">
                #{skillName,jdbcType=VARCHAR},
            </if>
            <if test="skillReqpolar != null">
                #{skillReqpolar,jdbcType=INTEGER},
            </if>
            <if test="skillType != null">
                #{skillType,jdbcType=INTEGER},
            </if>
            <if test="skillTypeLevel != null">
                #{skillTypeLevel,jdbcType=INTEGER},
            </if>
            <if test="skillMagic != null">
                #{skillMagic,jdbcType=INTEGER},
            </if>
            <if test="skillReqLevel != null">
                #{skillReqLevel,jdbcType=INTEGER},
            </if>
            <if test="skillContext != null">
                #{skillContext,jdbcType=VARCHAR},
            </if>
            <if test="addTime != null">
                #{addTime,jdbcType=TIMESTAMP},
            </if>
            <if test="updateTime != null">
                #{updateTime,jdbcType=TIMESTAMP},
            </if>
            <if test="deleted != null">
                #{deleted,jdbcType=BIT},
            </if>
        </trim>
    </insert>
    <select id="countByExample" parameterType="com.fengshen.db.domain.example.SkillsExample"
            resultType="java.lang.Long">
        select count(*) from skills
        <if test="_parameter != null">
            <include refid="Example_Where_Clause"/>
        </if>
    </select>
    <update id="updateByExampleSelective" parameterType="map">
        update skills
        <set>
            <if test="record.id != null">
                id = #{record.id,jdbcType=INTEGER},
            </if>
            <if test="record.skillIdHex != null">
                skill_id_hex = #{record.skillIdHex,jdbcType=VARCHAR},
            </if>
            <if test="record.skillName != null">
                skill_name = #{record.skillName,jdbcType=VARCHAR},
            </if>
            <if test="record.skillReqpolar != null">
                skill_req_polar = #{record.skillReqpolar,jdbcType=INTEGER},
            </if>
            <if test="record.skillType != null">
                skill_type = #{record.skillType,jdbcType=INTEGER},
            </if>
            <if test="record.skillTypeLevel != null">
                skill_type_level = #{record.skillTypeLevel,jdbcType=INTEGER},
            </if>
            <if test="record.skillMagic != null">
                skill_magic = #{record.skillMagic,jdbcType=INTEGER},
            </if>
            <if test="record.skillReqLevel != null">
                skill_req_level = #{record.skillReqLevel,jdbcType=INTEGER},
            </if>
            <if test="record.skillContext != null">
                skill_context = #{record.skillContext,jdbcType=VARCHAR},
            </if>
            <if test="record.addTime != null">
                add_time = #{record.addTime,jdbcType=TIMESTAMP},
            </if>
            <if test="record.updateTime != null">
                update_time = #{record.updateTime,jdbcType=TIMESTAMP},
            </if>
            <if test="record.deleted != null">
                deleted = #{record.deleted,jdbcType=BIT},
            </if>
        </set>
        <if test="_parameter != null">
            <include refid="Update_By_Example_Where_Clause"/>
        </if>
    </update>
    <update id="updateByExample" parameterType="map">
        update skills
        set id = #{record.id,jdbcType=INTEGER},
        skill_id_hex = #{record.skillIdHex,jdbcType=VARCHAR},
        skill_name = #{record.skillName,jdbcType=VARCHAR},
        skill_req_polar = #{record.skillReqpolar,jdbcType=INTEGER},
        skill_type = #{record.skillType,jdbcType=INTEGER},
        skill_type_level = #{record.skillTypeLevel,jdbcType=INTEGER},
        skill_magic = #{record.skillMagic,jdbcType=INTEGER},
        skill_req_level = #{record.skillReqLevel,jdbcType=INTEGER},
        skill_context = #{record.skillContext,jdbcType=VARCHAR},
        add_time = #{record.addTime,jdbcType=TIMESTAMP},
        update_time = #{record.updateTime,jdbcType=TIMESTAMP},
        deleted = #{record.deleted,jdbcType=BIT}
        <if test="_parameter != null">
            <include refid="Update_By_Example_Where_Clause"/>
        </if>
    </update>
    <update id="updateByPrimaryKeySelective" parameterType="com.fengshen.db.domain.Skills">
        update skills
        <set>
            <if test="skillIdHex != null">
                skill_id_hex = #{skillIdHex,jdbcType=VARCHAR},
            </if>
            <if test="skillName != null">
                skill_name = #{skillName,jdbcType=VARCHAR},
            </if>
            <if test="skillReqpolar != null">
                skill_req_polar = #{skillReqpolar,jdbcType=INTEGER},
            </if>
            <if test="skillType != null">
                skill_type = #{skillType,jdbcType=INTEGER},
            </if>
            <if test="skillTypeLevel != null">
                skill_type_level = #{skillTypeLevel,jdbcType=INTEGER},
            </if>
            <if test="skillMagic != null">
                skill_magic = #{skillMagic,jdbcType=INTEGER},
            </if>
            <if test="skillReqLevel != null">
                skill_req_level = #{skillReqLevel,jdbcType=INTEGER},
            </if>
            <if test="skillContext != null">
                skill_context = #{skillContext,jdbcType=VARCHAR},
            </if>
            <if test="addTime != null">
                add_time = #{addTime,jdbcType=TIMESTAMP},
            </if>
            <if test="updateTime != null">
                update_time = #{updateTime,jdbcType=TIMESTAMP},
            </if>
            <if test="deleted != null">
                deleted = #{deleted,jdbcType=BIT},
            </if>
        </set>
        where id = #{id,jdbcType=INTEGER}
    </update>
    <update id="updateByPrimaryKey" parameterType="com.fengshen.db.domain.Skills">
        update skills
        set skill_id_hex     = #{skillIdHex,jdbcType=VARCHAR},
            skill_name       = #{skillName,jdbcType=VARCHAR},
            skill_req_polar  = #{skillReqpolar,jdbcType=INTEGER},
            skill_type       = #{skillType,jdbcType=INTEGER},
            skill_type_level = #{skillTypeLevel,jdbcType=INTEGER},
            skill_magic      = #{skillMagic,jdbcType=INTEGER},
            skill_req_level  = #{skillReqLevel,jdbcType=INTEGER},
            skill_context    = #{skillContext,jdbcType=VARCHAR},
            add_time         = #{addTime,jdbcType=TIMESTAMP},
            update_time      = #{updateTime,jdbcType=TIMESTAMP},
            deleted          = #{deleted,jdbcType=BIT}
        where id = #{id,jdbcType=INTEGER}
    </update>
    <select id="selectOneByExample" parameterType="com.fengshen.db.domain.example.SkillsExample"
            resultMap="BaseResultMap">
        <!--
          WARNING - @mbg.generated
          This element is automatically generated by MyBatis Generator, do not modify.
          @project https://github.com/itfsw/mybatis-generator-plugin
        -->
        select
        <include refid="Base_Column_List"/>
        from skills
        <if test="_parameter != null">
            <include refid="Example_Where_Clause"/>
        </if>
        <if test="orderByClause != null">
            order by ${orderByClause}
        </if>
        limit 1
    </select>
    <select id="selectOneByExampleSelective" parameterType="map" resultMap="BaseResultMap">
        <!--
          WARNING - @mbg.generated
          This element is automatically generated by MyBatis Generator, do not modify.
          @project https://github.com/itfsw/mybatis-generator-plugin
        -->
        select
        <choose>
            <when test="selective != null and selective.length > 0">
                <foreach collection="selective" item="column" separator=",">
                    ${column.escapedColumnName}
                </foreach>
            </when>
            <otherwise>
                id, skill_id_hex, skill_name, skill_req_polar, skill_type, skill_type_level, skill_magic,
                skill_req_level, skill_context, add_time, update_time, deleted
            </otherwise>
        </choose>
        from skills
        <if test="_parameter != null">
            <include refid="Update_By_Example_Where_Clause"/>
        </if>
        <if test="example.orderByClause != null">
            order by ${example.orderByClause}
        </if>
        limit 1
    </select>
    <update id="logicalDeleteByExample" parameterType="map">
        <!--
          WARNING - @mbg.generated
          This element is automatically generated by MyBatis Generator, do not modify.
          @project https://github.com/itfsw/mybatis-generator-plugin
        -->
        update skills set deleted = 1
        <if test="_parameter != null">
            <include refid="Update_By_Example_Where_Clause"/>
        </if>
    </update>
    <update id="logicalDeleteByPrimaryKey" parameterType="java.lang.Integer">
        <!--
          WARNING - @mbg.generated
          This element is automatically generated by MyBatis Generator, do not modify.
          @project https://github.com/itfsw/mybatis-generator-plugin
        -->
        update skills set deleted = 1
        where id = #{id,jdbcType=INTEGER}
    </update>
</mapper>