<?xml version="1.0" encoding="UTF-8"?>
<!DOCTYPE mapper PUBLIC "-//mybatis.org//DTD Mapper 3.0//EN" "http://mybatis.org/dtd/mybatis-3-mapper.dtd">
<mapper namespace="com.fengshen.db.dao.SkillsChongwMapper">
    <resultMap id="BaseResultMap" type="com.fengshen.db.domain.SkillsChongw">
        <id column="id" jdbcType="INTEGER" property="id"/>
        <result column="ownerid" jdbcType="VARCHAR" property="ownerid"/>
        <result column="skll_cwid" jdbcType="VARCHAR" property="skllCwid"/>
        <result column="skill_id_hex" jdbcType="VARCHAR" property="skillIdHex"/>
        <result column="skill_name" jdbcType="VARCHAR" property="skillName"/>
        <result column="skill_req_polar" jdbcType="INTEGER" property="skillReqpolar"/>
        <result column="skill_level" jdbcType="INTEGER" property="skillLevel"/>
        <result column="skill_mubiao" jdbcType="INTEGER" property="skillMubiao"/>
        <result column="tianshu_id" jdbcType="VARCHAR" property="tianshuId"/>
        <result column="tianshu_name" jdbcType="VARCHAR" property="tianshuName"/>
        <result column="add_time" jdbcType="TIMESTAMP" property="addTime"/>
        <result column="update_time" jdbcType="TIMESTAMP" property="updateTime"/>
        <result column="deleted" jdbcType="BIT" property="deleted"/>
    </resultMap>
    <sql id="Example_Where_Clause">
        <where>
            <foreach collection="oredCriteria" item="criteria" separator="or">
                <if test="criteria.valid">
                    <trim prefix="(" prefixOverrides="and" suffix=")">
                        <foreach collection="criteria.criteria" item="criterion">
                            <choose>
                                <when test="criterion.noValue">
                                    and ${criterion.condition}
                                </when>
                                <when test="criterion.singleValue">
                                    and ${criterion.condition} #{criterion.value}
                                </when>
                                <when test="criterion.betweenValue">
                                    and ${criterion.condition} #{criterion.value} and #{criterion.secondValue}
                                </when>
                                <when test="criterion.listValue">
                                    and ${criterion.condition}
                                    <foreach close=")" collection="criterion.value" item="listItem" open="("
                                             separator=",">
                                        #{listItem}
                                    </foreach>
                                </when>
                            </choose>
                        </foreach>
                    </trim>
                </if>
            </foreach>
        </where>
    </sql>
    <sql id="Update_By_Example_Where_Clause">
        <where>
            <foreach collection="example.oredCriteria" item="criteria" separator="or">
                <if test="criteria.valid">
                    <trim prefix="(" prefixOverrides="and" suffix=")">
                        <foreach collection="criteria.criteria" item="criterion">
                            <choose>
                                <when test="criterion.noValue">
                                    and ${criterion.condition}
                                </when>
                                <when test="criterion.singleValue">
                                    and ${criterion.condition} #{criterion.value}
                                </when>
                                <when test="criterion.betweenValue">
                                    and ${criterion.condition} #{criterion.value} and #{criterion.secondValue}
                                </when>
                                <when test="criterion.listValue">
                                    and ${criterion.condition}
                                    <foreach close=")" collection="criterion.value" item="listItem" open="("
                                             separator=",">
                                        #{listItem}
                                    </foreach>
                                </when>
                            </choose>
                        </foreach>
                    </trim>
                </if>
            </foreach>
        </where>
    </sql>
    <sql id="Base_Column_List">
        id
        , ownerid, skll_cwid, skill_id_hex, skill_name, skill_req_polar, skill_level,
    skill_mubiao, tianshu_id, tianshu_name, add_time, update_time, deleted
    </sql>
    <select id="selectByExample" parameterType="com.fengshen.db.domain.example.SkillsChongwExample"
            resultMap="BaseResultMap">
        select
        <if test="distinct">
            distinct
        </if>
        <include refid="Base_Column_List"/>
        from skills_chongw
        <if test="_parameter != null">
            <include refid="Example_Where_Clause"/>
        </if>
        <if test="orderByClause != null">
            order by ${orderByClause}
        </if>
    </select>
    <select id="selectByExampleSelective" parameterType="map" resultMap="BaseResultMap">
        <!--
          WARNING - @mbg.generated
          This element is automatically generated by MyBatis Generator, do not modify.
          @project https://github.com/itfsw/mybatis-generator-plugin
        -->
        select
        <if test="example.distinct">
            distinct
        </if>
        <choose>
            <when test="selective != null and selective.length > 0">
                <foreach collection="selective" item="column" separator=",">
                    ${column.escapedColumnName}
                </foreach>
            </when>
            <otherwise>
                id, ownerid, skll_cwid, skill_id_hex, skill_name, skill_req_polar, skill_level,
                skill_mubiao, tianshu_id, tianshu_name, add_time, update_time, deleted
            </otherwise>
        </choose>
        from skills_chongw
        <if test="_parameter != null">
            <include refid="Update_By_Example_Where_Clause"/>
        </if>
        <if test="example.orderByClause != null">
            order by ${example.orderByClause}
        </if>
    </select>
    <select id="selectByPrimaryKey" parameterType="java.lang.Integer" resultMap="BaseResultMap">
        select
        <include refid="Base_Column_List"/>
        from skills_chongw
        where id = #{id,jdbcType=INTEGER}
    </select>
    <select id="selectByPrimaryKeyWithLogicalDelete" parameterType="map" resultMap="BaseResultMap">
        <!--
          WARNING - @mbg.generated
          This element is automatically generated by MyBatis Generator, do not modify.
          @project https://github.com/itfsw/mybatis-generator-plugin
        -->
        select
        <include refid="Base_Column_List"/>
        from skills_chongw
        where id = #{id,jdbcType=INTEGER}
        and deleted =
        <choose>
            <when test="andLogicalDeleted">
                1
            </when>
            <otherwise>
                0
            </otherwise>
        </choose>
    </select>
    <select id="selectByPrimaryKeySelective" parameterType="map" resultMap="BaseResultMap">
        <!--
          WARNING - @mbg.generated
          This element is automatically generated by MyBatis Generator, do not modify.
          @project https://github.com/itfsw/mybatis-generator-plugin
        -->
        select
        <choose>
            <when test="selective != null and selective.length > 0">
                <foreach collection="selective" item="column" separator=",">
                    ${column.escapedColumnName}
                </foreach>
            </when>
            <otherwise>
                id, ownerid, skll_cwid, skill_id_hex, skill_name, skill_req_polar, skill_level,
                skill_mubiao, tianshu_id, tianshu_name, add_time, update_time, deleted
            </otherwise>
        </choose>
        from skills_chongw
        where id = #{id,jdbcType=INTEGER}
    </select>
    <delete id="deleteByPrimaryKey" parameterType="java.lang.Integer">
        delete
        from skills_chongw
        where id = #{id,jdbcType=INTEGER}
    </delete>
    <delete id="deleteByExample" parameterType="com.fengshen.db.domain.example.SkillsChongwExample">
        delete from skills_chongw
        <if test="_parameter != null">
            <include refid="Example_Where_Clause"/>
        </if>
    </delete>
    <insert id="insert" parameterType="com.fengshen.db.domain.SkillsChongw">
        <selectKey keyProperty="id" order="AFTER" resultType="java.lang.Integer">
            SELECT LAST_INSERT_ID()
        </selectKey>
        insert into skills_chongw (ownerid, skll_cwid, skill_id_hex,
        skill_name, skill_req_polar, skill_level,
        skill_mubiao, tianshu_id, tianshu_name,
        add_time, update_time, deleted
        )
        values (#{ownerid,jdbcType=VARCHAR}, #{skllCwid,jdbcType=VARCHAR}, #{skillIdHex,jdbcType=VARCHAR},
        #{skillName,jdbcType=VARCHAR}, #{skillReqpolar,jdbcType=INTEGER}, #{skillLevel,jdbcType=INTEGER},
        #{skillMubiao,jdbcType=INTEGER}, #{tianshuId,jdbcType=VARCHAR}, #{tianshuName,jdbcType=VARCHAR},
        #{addTime,jdbcType=TIMESTAMP}, #{updateTime,jdbcType=TIMESTAMP}, #{deleted,jdbcType=BIT}
        )
    </insert>
    <insert id="insertSelective" parameterType="com.fengshen.db.domain.SkillsChongw">
        <selectKey keyProperty="id" order="AFTER" resultType="java.lang.Integer">
            SELECT LAST_INSERT_ID()
        </selectKey>
        insert into skills_chongw
        <trim prefix="(" suffix=")" suffixOverrides=",">
            <if test="ownerid != null">
                ownerid,
            </if>
            <if test="skllCwid != null">
                skll_cwid,
            </if>
            <if test="skillIdHex != null">
                skill_id_hex,
            </if>
            <if test="skillName != null">
                skill_name,
            </if>
            <if test="skillReqpolar != null">
                skill_req_polar,
            </if>
            <if test="skillLevel != null">
                skill_level,
            </if>
            <if test="skillMubiao != null">
                skill_mubiao,
            </if>
            <if test="tianshuId != null">
                tianshu_id,
            </if>
            <if test="tianshuName != null">
                tianshu_name,
            </if>
            <if test="addTime != null">
                add_time,
            </if>
            <if test="updateTime != null">
                update_time,
            </if>
            <if test="deleted != null">
                deleted,
            </if>
        </trim>
        <trim prefix="values (" suffix=")" suffixOverrides=",">
            <if test="ownerid != null">
                #{ownerid,jdbcType=VARCHAR},
            </if>
            <if test="skllCwid != null">
                #{skllCwid,jdbcType=VARCHAR},
            </if>
            <if test="skillIdHex != null">
                #{skillIdHex,jdbcType=VARCHAR},
            </if>
            <if test="skillName != null">
                #{skillName,jdbcType=VARCHAR},
            </if>
            <if test="skillReqpolar != null">
                #{skillReqpolar,jdbcType=INTEGER},
            </if>
            <if test="skillLevel != null">
                #{skillLevel,jdbcType=INTEGER},
            </if>
            <if test="skillMubiao != null">
                #{skillMubiao,jdbcType=INTEGER},
            </if>
            <if test="tianshuId != null">
                #{tianshuId,jdbcType=VARCHAR},
            </if>
            <if test="tianshuName != null">
                #{tianshuName,jdbcType=VARCHAR},
            </if>
            <if test="addTime != null">
                #{addTime,jdbcType=TIMESTAMP},
            </if>
            <if test="updateTime != null">
                #{updateTime,jdbcType=TIMESTAMP},
            </if>
            <if test="deleted != null">
                #{deleted,jdbcType=BIT},
            </if>
        </trim>
    </insert>
    <select id="countByExample" parameterType="com.fengshen.db.domain.example.SkillsChongwExample"
            resultType="java.lang.Long">
        select count(*) from skills_chongw
        <if test="_parameter != null">
            <include refid="Example_Where_Clause"/>
        </if>
    </select>
    <update id="updateByExampleSelective" parameterType="map">
        update skills_chongw
        <set>
            <if test="record.id != null">
                id = #{record.id,jdbcType=INTEGER},
            </if>
            <if test="record.ownerid != null">
                ownerid = #{record.ownerid,jdbcType=VARCHAR},
            </if>
            <if test="record.skllCwid != null">
                skll_cwid = #{record.skllCwid,jdbcType=VARCHAR},
            </if>
            <if test="record.skillIdHex != null">
                skill_id_hex = #{record.skillIdHex,jdbcType=VARCHAR},
            </if>
            <if test="record.skillName != null">
                skill_name = #{record.skillName,jdbcType=VARCHAR},
            </if>
            <if test="record.skillReqpolar != null">
                skill_req_polar = #{record.skillReqpolar,jdbcType=INTEGER},
            </if>
            <if test="record.skillLevel != null">
                skill_level = #{record.skillLevel,jdbcType=INTEGER},
            </if>
            <if test="record.skillMubiao != null">
                skill_mubiao = #{record.skillMubiao,jdbcType=INTEGER},
            </if>
            <if test="record.tianshuId != null">
                tianshu_id = #{record.tianshuId,jdbcType=VARCHAR},
            </if>
            <if test="record.tianshuName != null">
                tianshu_name = #{record.tianshuName,jdbcType=VARCHAR},
            </if>
            <if test="record.addTime != null">
                add_time = #{record.addTime,jdbcType=TIMESTAMP},
            </if>
            <if test="record.updateTime != null">
                update_time = #{record.updateTime,jdbcType=TIMESTAMP},
            </if>
            <if test="record.deleted != null">
                deleted = #{record.deleted,jdbcType=BIT},
            </if>
        </set>
        <if test="_parameter != null">
            <include refid="Update_By_Example_Where_Clause"/>
        </if>
    </update>
    <update id="updateByExample" parameterType="map">
        update skills_chongw
        set id = #{record.id,jdbcType=INTEGER},
        ownerid = #{record.ownerid,jdbcType=VARCHAR},
        skll_cwid = #{record.skllCwid,jdbcType=VARCHAR},
        skill_id_hex = #{record.skillIdHex,jdbcType=VARCHAR},
        skill_name = #{record.skillName,jdbcType=VARCHAR},
        skill_req_polar = #{record.skillReqpolar,jdbcType=INTEGER},
        skill_level = #{record.skillLevel,jdbcType=INTEGER},
        skill_mubiao = #{record.skillMubiao,jdbcType=INTEGER},
        tianshu_id = #{record.tianshuId,jdbcType=VARCHAR},
        tianshu_name = #{record.tianshuName,jdbcType=VARCHAR},
        add_time = #{record.addTime,jdbcType=TIMESTAMP},
        update_time = #{record.updateTime,jdbcType=TIMESTAMP},
        deleted = #{record.deleted,jdbcType=BIT}
        <if test="_parameter != null">
            <include refid="Update_By_Example_Where_Clause"/>
        </if>
    </update>
    <update id="updateByPrimaryKeySelective" parameterType="com.fengshen.db.domain.SkillsChongw">
        update skills_chongw
        <set>
            <if test="ownerid != null">
                ownerid = #{ownerid,jdbcType=VARCHAR},
            </if>
            <if test="skllCwid != null">
                skll_cwid = #{skllCwid,jdbcType=VARCHAR},
            </if>
            <if test="skillIdHex != null">
                skill_id_hex = #{skillIdHex,jdbcType=VARCHAR},
            </if>
            <if test="skillName != null">
                skill_name = #{skillName,jdbcType=VARCHAR},
            </if>
            <if test="skillReqpolar != null">
                skill_req_polar = #{skillReqpolar,jdbcType=INTEGER},
            </if>
            <if test="skillLevel != null">
                skill_level = #{skillLevel,jdbcType=INTEGER},
            </if>
            <if test="skillMubiao != null">
                skill_mubiao = #{skillMubiao,jdbcType=INTEGER},
            </if>
            <if test="tianshuId != null">
                tianshu_id = #{tianshuId,jdbcType=VARCHAR},
            </if>
            <if test="tianshuName != null">
                tianshu_name = #{tianshuName,jdbcType=VARCHAR},
            </if>
            <if test="addTime != null">
                add_time = #{addTime,jdbcType=TIMESTAMP},
            </if>
            <if test="updateTime != null">
                update_time = #{updateTime,jdbcType=TIMESTAMP},
            </if>
            <if test="deleted != null">
                deleted = #{deleted,jdbcType=BIT},
            </if>
        </set>
        where id = #{id,jdbcType=INTEGER}
    </update>
    <update id="updateByPrimaryKey" parameterType="com.fengshen.db.domain.SkillsChongw">
        update skills_chongw
        set ownerid         = #{ownerid,jdbcType=VARCHAR},
            skll_cwid       = #{skllCwid,jdbcType=VARCHAR},
            skill_id_hex    = #{skillIdHex,jdbcType=VARCHAR},
            skill_name      = #{skillName,jdbcType=VARCHAR},
            skill_req_polar = #{skillReqpolar,jdbcType=INTEGER},
            skill_level     = #{skillLevel,jdbcType=INTEGER},
            skill_mubiao    = #{skillMubiao,jdbcType=INTEGER},
            tianshu_id      = #{tianshuId,jdbcType=VARCHAR},
            tianshu_name    = #{tianshuName,jdbcType=VARCHAR},
            add_time        = #{addTime,jdbcType=TIMESTAMP},
            update_time     = #{updateTime,jdbcType=TIMESTAMP},
            deleted         = #{deleted,jdbcType=BIT}
        where id = #{id,jdbcType=INTEGER}
    </update>
    <select id="selectOneByExample" parameterType="com.fengshen.db.domain.example.SkillsChongwExample"
            resultMap="BaseResultMap">
        <!--
          WARNING - @mbg.generated
          This element is automatically generated by MyBatis Generator, do not modify.
          @project https://github.com/itfsw/mybatis-generator-plugin
        -->
        select
        <include refid="Base_Column_List"/>
        from skills_chongw
        <if test="_parameter != null">
            <include refid="Example_Where_Clause"/>
        </if>
        <if test="orderByClause != null">
            order by ${orderByClause}
        </if>
        limit 1
    </select>
    <select id="selectOneByExampleSelective" parameterType="map" resultMap="BaseResultMap">
        <!--
          WARNING - @mbg.generated
          This element is automatically generated by MyBatis Generator, do not modify.
          @project https://github.com/itfsw/mybatis-generator-plugin
        -->
        select
        <choose>
            <when test="selective != null and selective.length > 0">
                <foreach collection="selective" item="column" separator=",">
                    ${column.escapedColumnName}
                </foreach>
            </when>
            <otherwise>
                id, ownerid, skll_cwid, skill_id_hex, skill_name, skill_req_polar, skill_level,
                skill_mubiao, tianshu_id, tianshu_name, add_time, update_time, deleted
            </otherwise>
        </choose>
        from skills_chongw
        <if test="_parameter != null">
            <include refid="Update_By_Example_Where_Clause"/>
        </if>
        <if test="example.orderByClause != null">
            order by ${example.orderByClause}
        </if>
        limit 1
    </select>
    <update id="logicalDeleteByExample" parameterType="map">
        <!--
          WARNING - @mbg.generated
          This element is automatically generated by MyBatis Generator, do not modify.
          @project https://github.com/itfsw/mybatis-generator-plugin
        -->
        update skills_chongw set deleted = 1
        <if test="_parameter != null">
            <include refid="Update_By_Example_Where_Clause"/>
        </if>
    </update>
    <update id="logicalDeleteByPrimaryKey" parameterType="java.lang.Integer">
        <!--
          WARNING - @mbg.generated
          This element is automatically generated by MyBatis Generator, do not modify.
          @project https://github.com/itfsw/mybatis-generator-plugin
        -->
        update skills_chongw set deleted = 1
        where id = #{id,jdbcType=INTEGER}
    </update>
</mapper>