<?xml version="1.0" encoding="UTF-8"?>
<!DOCTYPE mapper PUBLIC "-//mybatis.org//DTD Mapper 3.0//EN" "http://mybatis.org/dtd/mybatis-3-mapper.dtd">
<mapper namespace="com.fengshen.db.dao.SrenwuMapper">
    <resultMap id="BaseResultMap" type="com.fengshen.db.domain.Srenwu">
        <id column="id" jdbcType="INTEGER" property="id"/>
        <result column="pid" jdbcType="VARCHAR" property="pid"/>
        <result column="rid" jdbcType="INTEGER" property="rid"/>
        <result column="skill_name" jdbcType="VARCHAR" property="skillName"/>
        <result column="skill_jieshao" jdbcType="VARCHAR" property="skillJieshao"/>
        <result column="skill_dqti" jdbcType="VARCHAR" property="skillDqti"/>
        <result column="skill_xck" jdbcType="VARCHAR" property="skillXck"/>
        <result column="add_time" jdbcType="TIMESTAMP" property="addTime"/>
        <result column="update_time" jdbcType="TIMESTAMP" property="updateTime"/>
        <result column="deleted" jdbcType="BIT" property="deleted"/>
    </resultMap>
    <sql id="Example_Where_Clause">
        <where>
            <foreach collection="oredCriteria" item="criteria" separator="or">
                <if test="criteria.valid">
                    <trim prefix="(" prefixOverrides="and" suffix=")">
                        <foreach collection="criteria.criteria" item="criterion">
                            <choose>
                                <when test="criterion.noValue">
                                    and ${criterion.condition}
                                </when>
                                <when test="criterion.singleValue">
                                    and ${criterion.condition} #{criterion.value}
                                </when>
                                <when test="criterion.betweenValue">
                                    and ${criterion.condition} #{criterion.value} and #{criterion.secondValue}
                                </when>
                                <when test="criterion.listValue">
                                    and ${criterion.condition}
                                    <foreach close=")" collection="criterion.value" item="listItem" open="("
                                             separator=",">
                                        #{listItem}
                                    </foreach>
                                </when>
                            </choose>
                        </foreach>
                    </trim>
                </if>
            </foreach>
        </where>
    </sql>
    <sql id="Update_By_Example_Where_Clause">
        <where>
            <foreach collection="example.oredCriteria" item="criteria" separator="or">
                <if test="criteria.valid">
                    <trim prefix="(" prefixOverrides="and" suffix=")">
                        <foreach collection="criteria.criteria" item="criterion">
                            <choose>
                                <when test="criterion.noValue">
                                    and ${criterion.condition}
                                </when>
                                <when test="criterion.singleValue">
                                    and ${criterion.condition} #{criterion.value}
                                </when>
                                <when test="criterion.betweenValue">
                                    and ${criterion.condition} #{criterion.value} and #{criterion.secondValue}
                                </when>
                                <when test="criterion.listValue">
                                    and ${criterion.condition}
                                    <foreach close=")" collection="criterion.value" item="listItem" open="("
                                             separator=",">
                                        #{listItem}
                                    </foreach>
                                </when>
                            </choose>
                        </foreach>
                    </trim>
                </if>
            </foreach>
        </where>
    </sql>
    <sql id="Base_Column_List">
        id
        , pid, rid, skill_name, skill_jieshao, skill_dqti, skill_xck, add_time, update_time,
    deleted
    </sql>
    <select id="selectByExample" parameterType="com.fengshen.db.domain.example.SrenwuExample" resultMap="BaseResultMap">
        select
        <if test="distinct">
            distinct
        </if>
        <include refid="Base_Column_List"/>
        from srenwu
        <if test="_parameter != null">
            <include refid="Example_Where_Clause"/>
        </if>
        <if test="orderByClause != null">
            order by ${orderByClause}
        </if>
    </select>
    <select id="selectByExampleSelective" parameterType="map" resultMap="BaseResultMap">
        <!--
          WARNING - @mbg.generated
          This element is automatically generated by MyBatis Generator, do not modify.
          @project https://github.com/itfsw/mybatis-generator-plugin
        -->
        select
        <if test="example.distinct">
            distinct
        </if>
        <choose>
            <when test="selective != null and selective.length > 0">
                <foreach collection="selective" item="column" separator=",">
                    ${column.escapedColumnName}
                </foreach>
            </when>
            <otherwise>
                id, pid, rid, skill_name, skill_jieshao, skill_dqti, skill_xck, add_time, update_time,
                deleted
            </otherwise>
        </choose>
        from srenwu
        <if test="_parameter != null">
            <include refid="Update_By_Example_Where_Clause"/>
        </if>
        <if test="example.orderByClause != null">
            order by ${example.orderByClause}
        </if>
    </select>
    <select id="selectByPrimaryKey" parameterType="java.lang.Integer" resultMap="BaseResultMap">
        select
        <include refid="Base_Column_List"/>
        from srenwu
        where id = #{id,jdbcType=INTEGER}
    </select>
    <select id="selectByPrimaryKeyWithLogicalDelete" parameterType="map" resultMap="BaseResultMap">
        <!--
          WARNING - @mbg.generated
          This element is automatically generated by MyBatis Generator, do not modify.
          @project https://github.com/itfsw/mybatis-generator-plugin
        -->
        select
        <include refid="Base_Column_List"/>
        from srenwu
        where id = #{id,jdbcType=INTEGER}
        and deleted =
        <choose>
            <when test="andLogicalDeleted">
                1
            </when>
            <otherwise>
                0
            </otherwise>
        </choose>
    </select>
    <select id="selectByPrimaryKeySelective" parameterType="map" resultMap="BaseResultMap">
        <!--
          WARNING - @mbg.generated
          This element is automatically generated by MyBatis Generator, do not modify.
          @project https://github.com/itfsw/mybatis-generator-plugin
        -->
        select
        <choose>
            <when test="selective != null and selective.length > 0">
                <foreach collection="selective" item="column" separator=",">
                    ${column.escapedColumnName}
                </foreach>
            </when>
            <otherwise>
                id, pid, rid, skill_name, skill_jieshao, skill_dqti, skill_xck, add_time, update_time,
                deleted
            </otherwise>
        </choose>
        from srenwu
        where id = #{id,jdbcType=INTEGER}
    </select>
    <delete id="deleteByPrimaryKey" parameterType="java.lang.Integer">
        delete
        from srenwu
        where id = #{id,jdbcType=INTEGER}
    </delete>
    <delete id="deleteByExample" parameterType="com.fengshen.db.domain.example.SrenwuExample">
        delete from srenwu
        <if test="_parameter != null">
            <include refid="Example_Where_Clause"/>
        </if>
    </delete>
    <insert id="insert" parameterType="com.fengshen.db.domain.Srenwu">
        <selectKey keyProperty="id" order="AFTER" resultType="java.lang.Integer">
            SELECT LAST_INSERT_ID()
        </selectKey>
        insert into srenwu (pid, rid, skill_name,
        skill_jieshao, skill_dqti, skill_xck,
        add_time, update_time, deleted
        )
        values (#{pid,jdbcType=VARCHAR}, #{rid,jdbcType=INTEGER}, #{skillName,jdbcType=VARCHAR},
        #{skillJieshao,jdbcType=VARCHAR}, #{skillDqti,jdbcType=VARCHAR}, #{skillXck,jdbcType=VARCHAR},
        #{addTime,jdbcType=TIMESTAMP}, #{updateTime,jdbcType=TIMESTAMP}, #{deleted,jdbcType=BIT}
        )
    </insert>
    <insert id="insertSelective" parameterType="com.fengshen.db.domain.Srenwu">
        <selectKey keyProperty="id" order="AFTER" resultType="java.lang.Integer">
            SELECT LAST_INSERT_ID()
        </selectKey>
        insert into srenwu
        <trim prefix="(" suffix=")" suffixOverrides=",">
            <if test="pid != null">
                pid,
            </if>
            <if test="rid != null">
                rid,
            </if>
            <if test="skillName != null">
                skill_name,
            </if>
            <if test="skillJieshao != null">
                skill_jieshao,
            </if>
            <if test="skillDqti != null">
                skill_dqti,
            </if>
            <if test="skillXck != null">
                skill_xck,
            </if>
            <if test="addTime != null">
                add_time,
            </if>
            <if test="updateTime != null">
                update_time,
            </if>
            <if test="deleted != null">
                deleted,
            </if>
        </trim>
        <trim prefix="values (" suffix=")" suffixOverrides=",">
            <if test="pid != null">
                #{pid,jdbcType=VARCHAR},
            </if>
            <if test="rid != null">
                #{rid,jdbcType=INTEGER},
            </if>
            <if test="skillName != null">
                #{skillName,jdbcType=VARCHAR},
            </if>
            <if test="skillJieshao != null">
                #{skillJieshao,jdbcType=VARCHAR},
            </if>
            <if test="skillDqti != null">
                #{skillDqti,jdbcType=VARCHAR},
            </if>
            <if test="skillXck != null">
                #{skillXck,jdbcType=VARCHAR},
            </if>
            <if test="addTime != null">
                #{addTime,jdbcType=TIMESTAMP},
            </if>
            <if test="updateTime != null">
                #{updateTime,jdbcType=TIMESTAMP},
            </if>
            <if test="deleted != null">
                #{deleted,jdbcType=BIT},
            </if>
        </trim>
    </insert>
    <select id="countByExample" parameterType="com.fengshen.db.domain.example.SrenwuExample"
            resultType="java.lang.Long">
        select count(*) from srenwu
        <if test="_parameter != null">
            <include refid="Example_Where_Clause"/>
        </if>
    </select>
    <update id="updateByExampleSelective" parameterType="map">
        update srenwu
        <set>
            <if test="record.id != null">
                id = #{record.id,jdbcType=INTEGER},
            </if>
            <if test="record.pid != null">
                pid = #{record.pid,jdbcType=VARCHAR},
            </if>
            <if test="record.rid != null">
                rid = #{record.rid,jdbcType=INTEGER},
            </if>
            <if test="record.skillName != null">
                skill_name = #{record.skillName,jdbcType=VARCHAR},
            </if>
            <if test="record.skillJieshao != null">
                skill_jieshao = #{record.skillJieshao,jdbcType=VARCHAR},
            </if>
            <if test="record.skillDqti != null">
                skill_dqti = #{record.skillDqti,jdbcType=VARCHAR},
            </if>
            <if test="record.skillXck != null">
                skill_xck = #{record.skillXck,jdbcType=VARCHAR},
            </if>
            <if test="record.addTime != null">
                add_time = #{record.addTime,jdbcType=TIMESTAMP},
            </if>
            <if test="record.updateTime != null">
                update_time = #{record.updateTime,jdbcType=TIMESTAMP},
            </if>
            <if test="record.deleted != null">
                deleted = #{record.deleted,jdbcType=BIT},
            </if>
        </set>
        <if test="_parameter != null">
            <include refid="Update_By_Example_Where_Clause"/>
        </if>
    </update>
    <update id="updateByExample" parameterType="map">
        update srenwu
        set id = #{record.id,jdbcType=INTEGER},
        pid = #{record.pid,jdbcType=VARCHAR},
        rid = #{record.rid,jdbcType=INTEGER},
        skill_name = #{record.skillName,jdbcType=VARCHAR},
        skill_jieshao = #{record.skillJieshao,jdbcType=VARCHAR},
        skill_dqti = #{record.skillDqti,jdbcType=VARCHAR},
        skill_xck = #{record.skillXck,jdbcType=VARCHAR},
        add_time = #{record.addTime,jdbcType=TIMESTAMP},
        update_time = #{record.updateTime,jdbcType=TIMESTAMP},
        deleted = #{record.deleted,jdbcType=BIT}
        <if test="_parameter != null">
            <include refid="Update_By_Example_Where_Clause"/>
        </if>
    </update>
    <update id="updateByPrimaryKeySelective" parameterType="com.fengshen.db.domain.Srenwu">
        update srenwu
        <set>
            <if test="pid != null">
                pid = #{pid,jdbcType=VARCHAR},
            </if>
            <if test="rid != null">
                rid = #{rid,jdbcType=INTEGER},
            </if>
            <if test="skillName != null">
                skill_name = #{skillName,jdbcType=VARCHAR},
            </if>
            <if test="skillJieshao != null">
                skill_jieshao = #{skillJieshao,jdbcType=VARCHAR},
            </if>
            <if test="skillDqti != null">
                skill_dqti = #{skillDqti,jdbcType=VARCHAR},
            </if>
            <if test="skillXck != null">
                skill_xck = #{skillXck,jdbcType=VARCHAR},
            </if>
            <if test="addTime != null">
                add_time = #{addTime,jdbcType=TIMESTAMP},
            </if>
            <if test="updateTime != null">
                update_time = #{updateTime,jdbcType=TIMESTAMP},
            </if>
            <if test="deleted != null">
                deleted = #{deleted,jdbcType=BIT},
            </if>
        </set>
        where id = #{id,jdbcType=INTEGER}
    </update>
    <update id="updateByPrimaryKey" parameterType="com.fengshen.db.domain.Srenwu">
        update srenwu
        set pid           = #{pid,jdbcType=VARCHAR},
            rid           = #{rid,jdbcType=INTEGER},
            skill_name    = #{skillName,jdbcType=VARCHAR},
            skill_jieshao = #{skillJieshao,jdbcType=VARCHAR},
            skill_dqti    = #{skillDqti,jdbcType=VARCHAR},
            skill_xck     = #{skillXck,jdbcType=VARCHAR},
            add_time      = #{addTime,jdbcType=TIMESTAMP},
            update_time   = #{updateTime,jdbcType=TIMESTAMP},
            deleted       = #{deleted,jdbcType=BIT}
        where id = #{id,jdbcType=INTEGER}
    </update>
    <select id="selectOneByExample" parameterType="com.fengshen.db.domain.example.SrenwuExample"
            resultMap="BaseResultMap">
        <!--
          WARNING - @mbg.generated
          This element is automatically generated by MyBatis Generator, do not modify.
          @project https://github.com/itfsw/mybatis-generator-plugin
        -->
        select
        <include refid="Base_Column_List"/>
        from srenwu
        <if test="_parameter != null">
            <include refid="Example_Where_Clause"/>
        </if>
        <if test="orderByClause != null">
            order by ${orderByClause}
        </if>
        limit 1
    </select>
    <select id="selectOneByExampleSelective" parameterType="map" resultMap="BaseResultMap">
        <!--
          WARNING - @mbg.generated
          This element is automatically generated by MyBatis Generator, do not modify.
          @project https://github.com/itfsw/mybatis-generator-plugin
        -->
        select
        <choose>
            <when test="selective != null and selective.length > 0">
                <foreach collection="selective" item="column" separator=",">
                    ${column.escapedColumnName}
                </foreach>
            </when>
            <otherwise>
                id, pid, rid, skill_name, skill_jieshao, skill_dqti, skill_xck, add_time, update_time,
                deleted
            </otherwise>
        </choose>
        from srenwu
        <if test="_parameter != null">
            <include refid="Update_By_Example_Where_Clause"/>
        </if>
        <if test="example.orderByClause != null">
            order by ${example.orderByClause}
        </if>
        limit 1
    </select>
    <update id="logicalDeleteByExample" parameterType="map">
        <!--
          WARNING - @mbg.generated
          This element is automatically generated by MyBatis Generator, do not modify.
          @project https://github.com/itfsw/mybatis-generator-plugin
        -->
        update srenwu set deleted = 1
        <if test="_parameter != null">
            <include refid="Update_By_Example_Where_Clause"/>
        </if>
    </update>
    <update id="logicalDeleteByPrimaryKey" parameterType="java.lang.Integer">
        <!--
          WARNING - @mbg.generated
          This element is automatically generated by MyBatis Generator, do not modify.
          @project https://github.com/itfsw/mybatis-generator-plugin
        -->
        update srenwu set deleted = 1
        where id = #{id,jdbcType=INTEGER}
    </update>
</mapper>