<?xml version="1.0" encoding="UTF-8"?>
<!DOCTYPE mapper PUBLIC "-//mybatis.org//DTD Mapper 3.0//EN" "http://mybatis.org/dtd/mybatis-3-mapper.dtd">
<mapper namespace="com.fengshen.db.dao.SysUserMapper">
    <resultMap id="BaseResultMap"
               type="com.fengshen.db.domain.sys.SysUser">
        <id column="id" jdbcType="BIGINT" property="id"/>
        <result column="password" jdbcType="VARCHAR"
                property="password"/>
        <result column="user_type" jdbcType="INTEGER"
                property="userType"/>
        <result column="nick_name" jdbcType="VARCHAR"
                property="nickName"/>
        <result column="user_name" jdbcType="VARCHAR"
                property="userName"/>
        <result column="user_id" jdbcType="BIGINT" property="userId"/>
        <result column="state" jdbcType="INTEGER" property="state"/>
        <result column="firstLoginUpdatePasswordFlag"
                jdbcType="INTEGER" property="first_login_update_password_flag"/>
        <result column="sex" jdbcType="INTEGER" property="sex"/>
        <result column="create_user_id" jdbcType="BIGINT"
                property="createUserId"/>
        <result column="create_time" jdbcType="TIMESTAMP"
                property="createTime"/>
        <result column="last_login_time" jdbcType="TIMESTAMP"
                property="lastLoginTime"/>
        <result column="last_login_ip" jdbcType="VARCHAR"
                property="lastloginIp"/>
    </resultMap>


</mapper>